date,service_type,region,provider,cpu_hours,storage_gb,data_transfer_gb,cost_usd,team,co2e_kg
01-01-2024,Networking,eastus,Azure,1.5416,9.8138,11.9013,2.0098,Data,0.012229247600000001
01-01-2024,Networking,eastus,Azure,1.7536,12.1936,43.8484,4.5575,QA,0.0442235072
01-01-2024,VM,westeurope,AWS,12.6662,44.2402,8.3419,3.0596,Engineering,0.0109636204
01-01-2024,Database,westeurope,AWS,5.948,202.8538,5.997,2.4443,Engineering,0.0075923076
01-01-2024,VM,eastus,AWS,15.3907,52.7984,7.0725,2.3713,DevOps,0.0102562368
02-01-2024,VM,westeurope,AWS,8.5237,55.5385,8.4113,1.93,Engineering,0.010227117
02-01-2024,VM,eastus,AWS,14.3211,45.9639,4.768,3.0085,Engineering,0.0077241478
02-01-2024,VM,southeastasia,AWS,9.3582,44.9231,9.468,1.8496,QA,0.011429486200000002
02-01-2024,Networking,westeurope,Azure,1.8964,9.0648,16.4266,2.2353,DevOps,0.0168240096
02-01-2024,VM,eastus,Azure,15.2989,49.4599,10.4085,2.508,Data,0.013567199800000002
02-01-2024,Networking,westeurope,Azure,3.6861,8.6194,26.4123,3.3304,DevOps,0.0271667588
03-01-2024,Database,eastus,Azure,5.9087,208.9295,3.4578,2.6046,DevOps,0.005057399000000001
03-01-2024,VM,southeastasia,Azure,12.8792,56.7247,6.5352,2.8912,DevOps,0.0092244894
03-01-2024,VM,eastus,Azure,11.0515,47.5428,5.9322,3.8679,Engineering,0.0082375856
03-01-2024,VM,westeurope,AWS,9.3891,46.2002,4.8561,3.1542,Engineering,0.0068263204
03-01-2024,VM,eastus,AWS,20.831,34.313,11.033,2.6814,Engineering,0.015267825999999998
04-01-2024,Database,eastus,AWS,6.0903,273.8973,4.7115,1.7886,Engineering,0.0064773546000000005
04-01-2024,Storage,southeastasia,AWS,0.5377,706.9597,2.4639,3.1101,DevOps,0.0039853594
04-01-2024,VM,westeurope,Azure,9.0284,45.7528,8.2392,3.4039,Data,0.0101363856
04-01-2024,VM,westeurope,AWS,10.4896,54.0225,5.8047,2.5342,Data,0.008010665
05-01-2024,Networking,westeurope,Azure,2.9362,10.5946,24.3695,5.2977,Engineering,0.0249779292
05-01-2024,Storage,eastus,Azure,0.4347,920.0583,2.0915,1.8862,QA,0.004018556600000001
05-01-2024,VM,westeurope,Azure,14.762,48.2996,9.5673,3.5584,QA,0.0126162992
05-01-2024,VM,southeastasia,Azure,15.3081,48.9276,3.357,2.6955,Engineering,0.0065164752
06-01-2024,VM,westeurope,AWS,9.5099,59.5129,5.0188,2.8746,Engineering,0.0070398058
06-01-2024,VM,eastus,AWS,10.0216,49.4217,4.8188,3.6827,Engineering,0.006921963400000001
06-01-2024,Storage,westeurope,AWS,0.1242,795.8564,0.4222,1.2149,Data,0.0020387528
07-01-2024,VM,southeastasia,AWS,10.1315,52.4542,5.2158,3.8786,Engineering,0.0073470084000000005
07-01-2024,VM,westeurope,Azure,6.5476,46.4356,2.5375,2.2915,QA,0.0039398912
07-01-2024,VM,eastus,Azure,4.7594,41.3921,7.335,2.0558,QA,0.0083696642
08-01-2024,Database,westeurope,Azure,3.9335,171.8652,5.7726,3.5078,DevOps,0.0069030304
08-01-2024,Database,westeurope,AWS,6.7707,239.9264,6.4823,3.5818,DevOps,0.008316292800000001
08-01-2024,Database,eastus,AWS,5.272,202.4562,8.472,2.3871,Engineering,0.0099313124
08-01-2024,Storage,eastus,AWS,0.2666,692.8256,1.7991,2.5115,DevOps,0.0032380712
09-01-2024,VM,southeastasia,AWS,10.8764,40.3159,6.1628,1.9395,DevOps,0.0084187118
09-01-2024,Database,westeurope,AWS,6.6335,247.7895,4.3491,2.0269,Engineering,0.006171378999999999
09-01-2024,VM,eastus,AWS,7.3535,47.4265,8.4413,2.9408,DevOps,0.010006853000000001
10-01-2024,Storage,westeurope,AWS,0.5722,952.0293,1.5754,1.4351,Engineering,0.0035938986
10-01-2024,VM,eastus,AWS,11.2878,64.04,7.9533,2.9904,QA,0.010338940000000001
10-01-2024,VM,eastus,AWS,9.2022,46.6997,8.3138,2.6623,Data,0.010247639400000001
10-01-2024,Storage,westeurope,Azure,0.4747,807.3076,2.3883,2.7954,DevOps,0.0040978552
10-01-2024,VM,westeurope,AWS,12.3783,48.8616,9.412,4.3817,Data,0.011985383200000001
10-01-2024,Database,eastus,AWS,5.2704,206.2279,6.3275,1.5387,Engineering,0.0077940358
11-01-2024,VM,eastus,Azure,10.6064,53.3649,7.811,3.1229,Engineering,0.0100390098
11-01-2024,Storage,westeurope,Azure,0.454,734.2732,2.6262,2.7258,DevOps,0.0041855464
11-01-2024,VM,westeurope,Azure,12.6869,54.7464,2.59,2.6254,Engineering,0.0052368728
11-01-2024,VM,eastus,AWS,13.1761,49.0661,7.5195,3.0794,Engineering,0.0102528522
12-01-2024,Storage,eastus,AWS,0.7531,892.4814,2.4002,3.4105,DevOps,0.0043357828
12-01-2024,VM,eastus,AWS,14.9254,48.8971,6.0188,2.1531,Data,0.0091016742
12-01-2024,Networking,westeurope,AWS,1.8393,9.35,31.8344,5.5152,Engineering,0.03222096
12-01-2024,Networking,eastus,AWS,1.276,7.8888,23.534,4.6282,QA,0.0238049776
12-01-2024,Storage,eastus,Azure,0.4733,763.7211,1.9973,2.4596,Engineering,0.0036194022
12-01-2024,VM,eastus,AWS,13.558,61.4955,7.739,2.6087,Data,0.010573591
13-01-2024,Storage,eastus,Azure,0.3502,572.3903,1.3595,1.1865,QA,0.0025743206
13-01-2024,Database,southeastasia,AWS,2.5473,170.9867,4.6551,3.4605,DevOps,0.005506533399999999
13-01-2024,Database,eastus,AWS,2.5475,170.3831,1.7633,2.5287,Engineering,0.0026135662000000004
13-01-2024,VM,eastus,AWS,6.2299,37.5491,8.1466,2.2384,Engineering,0.009467678200000001
13-01-2024,VM,eastus,Azure,2.7222,55.8521,4.3626,1.273,Data,0.0050187441999999995
13-01-2024,Database,westeurope,AWS,3.438,245.813,1.5763,3.0683,Data,0.0027555260000000003
14-01-2024,Networking,eastus,AWS,1.9181,10.0079,15.4228,3.9103,Engineering,0.0158264358
14-01-2024,Database,southeastasia,AWS,1.5471,216.0648,4.0907,2.0035,Data,0.0048322496
14-01-2024,VM,westeurope,AWS,11.8241,58.8447,4.162,2.867,DevOps,0.0066445094
15-01-2024,VM,westeurope,Azure,16.1904,47.0757,10.7591,4.5394,Data,0.0140913314
15-01-2024,Storage,southeastasia,Azure,0.5657,695.7702,2.0698,3.0629,Data,0.0035744804000000002
15-01-2024,Storage,eastus,Azure,0.7382,827.3123,1.8832,3.4444,Engineering,0.0036854646000000005
16-01-2024,VM,eastus,Azure,16.259,58.4201,4.5411,2.3343,Data,0.007909740200000001
16-01-2024,VM,eastus,AWS,13.0998,42.9509,6.7667,4.0127,Engineering,0.009472561800000001
16-01-2024,Storage,westeurope,AWS,0.3676,702.1401,1.6646,1.4275,Engineering,0.0031424002
17-01-2024,Storage,eastus,Azure,0.3477,660.761,1.975,2.9205,Engineering,0.0033660620000000004
17-01-2024,Storage,eastus,AWS,0.3875,821.3754,2.0214,2.6717,Engineering,0.0037416508000000003
17-01-2024,Database,eastus,Azure,5.6206,203.823,6.3003,3.3671,Data,0.007832066
18-01-2024,VM,eastus,AWS,13.4131,44.3274,4.5866,1.6408,Engineering,0.0073578748
18-01-2024,VM,eastus,AWS,12.6547,56.8292,10.5328,3.3451,Engineering,0.0131773984
18-01-2024,VM,westeurope,Azure,13.9609,42.2207,7.5432,2.5908,DevOps,0.010419821400000001
18-01-2024,VM,westeurope,Azure,12.0831,50.9552,7.1326,2.1431,Engineering,0.0096511304
18-01-2024,VM,eastus,AWS,11.2845,50.3639,6.0057,2.6468,Engineering,0.0083633278
18-01-2024,Database,eastus,AWS,6.356,208.2073,3.914,2.9886,QA,0.0056016146
19-01-2024,Networking,westeurope,AWS,1.7337,8.6355,35.7476,5.6477,DevOps,0.036111610999999995
19-01-2024,Storage,westeurope,Azure,0.5955,801.2958,2.5292,2.2936,Engineering,0.004250891600000001
19-01-2024,Storage,westeurope,AWS,0.2894,730.0903,2.1565,1.6148,Engineering,0.0036745605999999997
20-01-2024,Networking,westeurope,AWS,1.4885,9.6954,18.3403,4.5754,Data,0.0186573908
20-01-2024,VM,eastus,Azure,5.388,49.1011,4.273,3.169,Data,0.0054488022
20-01-2024,VM,eastus,AWS,8.0693,65.5655,6.0907,2.4669,DevOps,0.007835691
21-01-2024,Storage,westeurope,Azure,0.2592,520.8378,1.9065,2.5271,Data,0.0030000156
21-01-2024,VM,eastus,AWS,7.926,38.5214,0.0,2.7364,Engineering,0.0016622428000000002
21-01-2024,Networking,eastus,Azure,0.8176,10.7194,29.2473,5.6739,Data,0.0294322588
21-01-2024,Networking,westeurope,Azure,1.5294,8.6363,29.7789,3.5174,Engineering,0.030102052600000002
21-01-2024,Storage,eastus,AWS,0.2951,1180.9331,1.1093,2.7353,Data,0.0035301861999999995
21-01-2024,Storage,westeurope,AWS,0.5133,862.0419,1.7092,3.737,Data,0.0035359438000000004
22-01-2024,Storage,eastus,AWS,0.5448,833.5962,1.3247,2.5492,QA,0.0031008524
22-01-2024,Storage,eastus,Azure,0.7228,870.833,2.1301,1.7754,QA,0.004016326000000001
22-01-2024,Networking,eastus,Azure,3.2693,10.7859,24.7072,3.7268,QA,0.025382631800000003
22-01-2024,Networking,eastus,AWS,1.9333,11.2348,30.6599,4.2267,Engineering,0.0310690296
22-01-2024,VM,westeurope,AWS,8.6237,48.8822,7.984,2.7173,Engineering,0.009806504399999999
23-01-2024,VM,westeurope,AWS,8.0426,50.5881,4.4367,3.763,Engineering,0.0061463962
23-01-2024,Storage,westeurope,Azure,0.4277,690.7331,1.4775,2.25,Data,0.0029445062000000004
23-01-2024,Networking,eastus,AWS,1.194,11.6292,26.4488,4.4153,Data,0.0267108584
23-01-2024,VM,westeurope,AWS,10.3087,23.2385,7.1443,2.4915,Data,0.009252517
23-01-2024,VM,westeurope,AWS,12.7149,60.6122,8.3001,4.3511,QA,0.010964304400000001
23-01-2024,Networking,southeastasia,AWS,1.6147,9.064,53.1424,6.2154,Data,0.053483468000000006
24-01-2024,VM,westeurope,AWS,12.447,56.104,5.743,3.7966,Engineering,0.008344608
24-01-2024,Networking,eastus,Azure,2.2966,9.5357,32.9352,4.6353,Engineering,0.033413591400000005
24-01-2024,Database,southeastasia,AWS,4.1233,239.473,2.3703,1.765,Engineering,0.0036739060000000002
25-01-2024,VM,westeurope,AWS,10.9349,51.931,8.6827,3.0238,QA,0.010973542000000003
25-01-2024,VM,eastus,AWS,12.1157,44.0427,11.8898,2.7305,DevOps,0.0144010254
25-01-2024,Storage,eastus,AWS,0.6379,938.171,2.0724,3.474,QA,0.004076322
26-01-2024,VM,westeurope,Azure,15.9363,51.9202,10.3585,3.7383,DevOps,0.0136496004
26-01-2024,Networking,eastus,Azure,2.1918,6.4454,26.8679,4.5361,Data,0.0273191508
26-01-2024,VM,eastus,AWS,12.5957,42.681,10.5287,3.5009,Engineering,0.013133202
27-01-2024,VM,southeastasia,AWS,8.0933,37.1034,4.6805,3.4542,Data,0.0063733668
27-01-2024,Database,eastus,Azure,3.1791,161.9594,0.5063,1.8543,Data,0.0014660388
27-01-2024,Networking,westeurope,AWS,1.0461,9.0117,20.9736,3.748,Engineering,0.021200843400000002
28-01-2024,VM,eastus,AWS,8.4889,51.5577,4.6518,3.6544,QA,0.0064526954
28-01-2024,VM,westeurope,AWS,3.3698,58.468,3.807,3.1606,QA,0.004597896
28-01-2024,VM,southeastasia,AWS,5.8965,47.6812,4.5331,2.0773,Data,0.0058077623999999994
28-01-2024,Networking,eastus,AWS,0.9606,9.0241,24.3919,4.313,Data,0.0246020682
28-01-2024,Database,westeurope,AWS,3.7234,231.9644,1.7241,2.2114,Engineering,0.0029327088
28-01-2024,Storage,southeastasia,Azure,0.4762,598.1816,0.0,2.8254,DevOps,0.0012916032
29-01-2024,VM,eastus,AWS,14.0016,62.1048,9.1042,2.1518,QA,0.012028729600000001
29-01-2024,VM,eastus,AWS,11.2508,45.1359,9.9245,3.4392,QA,0.012264931800000002
29-01-2024,Database,southeastasia,Azure,5.7762,180.2176,4.2854,3.3777,QA,0.0058010752
29-01-2024,VM,eastus,AWS,13.7919,53.8645,10.866,2.7221,Engineering,0.013732109000000001
30-01-2024,Database,southeastasia,AWS,7.1939,231.4559,5.5154,2.0802,Engineering,0.007417091800000001
30-01-2024,VM,westeurope,Azure,10.8703,45.4041,7.0695,3.9147,Data,0.0093343682
30-01-2024,Database,southeastasia,Azure,4.7242,203.1421,2.3772,1.7458,DevOps,0.0037283242000000004
31-01-2024,VM,westeurope,Azure,8.228,56.8062,8.0861,3.0945,Engineering,0.0098453124
31-01-2024,Networking,westeurope,Azure,2.5508,10.0954,24.2593,3.2145,DevOps,0.0247896508
31-01-2024,VM,eastus,Azure,10.5776,43.038,9.4265,4.0932,Engineering,0.011628096000000001
01-02-2024,Database,eastus,Azure,7.8098,175.4919,5.553,3.5895,Engineering,0.0074659437999999995
01-02-2024,Storage,eastus,AWS,0.4508,802.9571,2.054,1.9716,Data,0.0037500742
01-02-2024,Storage,westeurope,Azure,0.5312,989.2944,1.9428,3.0404,Engineering,0.0040276288
02-02-2024,Networking,westeurope,AWS,2.1395,11.1279,38.7921,5.2865,DevOps,0.039242255799999994
02-02-2024,VM,eastus,Azure,10.2404,64.331,10.6488,2.9583,QA,0.012825541999999999
02-02-2024,VM,southeastasia,AWS,17.1762,49.1526,5.0602,4.1783,DevOps,0.0085937452
02-02-2024,VM,southeastasia,AWS,14.5023,46.2897,6.2638,2.1237,DevOps,0.0092568394
03-02-2024,Database,eastus,AWS,4.6967,255.3991,0.8949,1.9958,QA,0.0023450382000000003
03-02-2024,VM,southeastasia,AWS,5.0674,44.9816,4.1781,2.0751,QA,0.0052815432
03-02-2024,Database,eastus,Azure,3.2559,210.2818,3.1851,3.0315,Engineering,0.0042568436
03-02-2024,Networking,westeurope,Azure,1.8246,10.7371,5.7235,1.4239,Engineering,0.0061098941999999995
03-02-2024,Networking,eastus,AWS,1.1751,10.1922,8.8705,2.0351,Data,0.009125904399999999
04-02-2024,Storage,southeastasia,AWS,0.1829,994.2562,1.7291,3.8083,Data,0.0037541924
04-02-2024,Database,westeurope,Azure,4.7131,204.8829,1.1323,1.0311,Engineering,0.0024846858
04-02-2024,Storage,eastus,AWS,0.4279,810.9903,0.1688,3.6012,DevOps,0.0018763606
04-02-2024,VM,westeurope,Azure,3.878,52.6392,4.3187,1.4257,Engineering,0.0051995784
04-02-2024,Database,westeurope,Azure,4.1579,194.842,2.7194,3.0523,Data,0.003940664
04-02-2024,Storage,eastus,Azure,0.3653,962.1774,1.2785,2.5725,Data,0.0032759148
05-02-2024,Storage,westeurope,AWS,0.4186,741.9337,1.8078,3.6913,Engineering,0.0033753874000000002
05-02-2024,VM,eastus,Azure,13.2725,72.2376,7.7681,3.6896,DevOps,0.0105670752
05-02-2024,VM,southeastasia,Azure,13.8406,42.3291,7.3823,4.0319,DevOps,0.0102350782
05-02-2024,Networking,westeurope,AWS,1.1657,7.6573,48.0156,6.6964,Engineering,0.0482640546
05-02-2024,Storage,southeastasia,Azure,0.5815,610.8329,2.8859,3.0887,Data,0.0042238658
06-02-2024,Networking,eastus,Azure,2.69,10.346,9.0779,2.4866,Data,0.009636592
06-02-2024,VM,eastus,AWS,16.6268,63.5337,6.3542,3.549,Data,0.0098066274
06-02-2024,VM,eastus,Azure,12.8266,62.8757,11.6903,3.2077,Engineering,0.0143813714
06-02-2024,VM,eastus,Azure,10.2261,35.3586,5.8712,2.67,Data,0.007987137200000001
06-02-2024,Storage,southeastasia,AWS,0.553,968.5452,1.0367,2.2542,Engineering,0.0030843904000000004
07-02-2024,Storage,southeastasia,Azure,0.4621,845.5671,1.8039,1.4755,Data,0.0035874542
07-02-2024,Storage,southeastasia,AWS,0.4311,887.9168,1.9516,2.1675,Engineering,0.0038136535999999995
07-02-2024,Storage,eastus,AWS,0.5174,854.3042,1.9199,2.6416,QA,0.0037319884
07-02-2024,Storage,westeurope,AWS,0.6357,932.9819,1.3761,1.8743,Engineering,0.0033692038000000006
07-02-2024,Networking,southeastasia,AWS,2.5365,9.7541,34.9249,5.8678,DevOps,0.0354517082
07-02-2024,Database,westeurope,AWS,4.6243,206.033,6.576,1.5477,Data,0.007912925999999999
08-02-2024,Networking,southeastasia,Azure,2.253,11.4855,13.3415,2.2159,QA,0.013815071000000002
08-02-2024,Storage,eastus,Azure,0.6179,759.8591,2.1237,2.0251,QA,0.0037669982
08-02-2024,VM,westeurope,Azure,14.7044,48.9585,7.1259,4.0569,QA,0.010164697
08-02-2024,VM,eastus,Azure,14.2586,60.0359,11.8073,3.7017,Engineering,0.0147790918
08-02-2024,VM,westeurope,Azure,11.0909,49.7397,5.1476,3.1402,Data,0.0074652594
08-02-2024,Networking,westeurope,AWS,2.156,10.1344,19.3675,2.9695,QA,0.0198189688
09-02-2024,Storage,westeurope,Azure,0.5949,833.743,2.0625,1.5041,DevOps,0.0038489660000000005
09-02-2024,Database,eastus,AWS,5.9061,173.8828,3.5236,2.0022,Data,0.0050525856
09-02-2024,Networking,westeurope,AWS,1.5052,11.4112,21.1576,2.9381,Data,0.021481462399999998
09-02-2024,Networking,eastus,AWS,1.8877,10.2407,21.5649,3.1807,DevOps,0.0219629214
09-02-2024,Database,eastus,Azure,6.1878,187.1178,5.1834,3.455,Data,0.0067951956
09-02-2024,Database,eastus,AWS,6.8149,234.4826,4.5486,3.6663,Data,0.0063805452000000006
10-02-2024,Storage,eastus,AWS,0.3851,1096.1663,0.0,1.805,QA,0.0022693526000000003
10-02-2024,VM,eastus,AWS,9.4027,39.8588,5.6008,3.1756,Data,0.0075610576
10-02-2024,Storage,eastus,Azure,0.1063,925.1131,0.6881,2.7843,Engineering,0.0025595862
10-02-2024,VM,southeastasia,Azure,10.5921,62.8678,0.0,1.9155,Engineering,0.0022441556
10-02-2024,Storage,eastus,Azure,0.1434,823.5401,0.6389,1.8736,DevOps,0.0023146602
11-02-2024,Networking,westeurope,AWS,1.5475,12.9198,12.6555,1.8735,Engineering,0.0129908396
11-02-2024,Storage,southeastasia,AWS,0.5159,820.3233,0.1518,1.409,DevOps,0.0018956266000000003
11-02-2024,Storage,westeurope,AWS,0.2333,631.1427,1.0438,3.1941,DevOps,0.0023527454
11-02-2024,Storage,westeurope,AWS,0.3975,816.0249,0.9085,3.1815,DevOps,0.0026200498
11-02-2024,Networking,eastus,AWS,0.8479,9.6417,15.7847,2.7325,Engineering,0.0159735634
11-02-2024,VM,eastus,Azure,9.3243,49.9545,6.0124,4.0074,Data,0.007977169
12-02-2024,VM,westeurope,AWS,16.4284,58.1269,12.2581,2.7896,Data,0.0156600338
12-02-2024,VM,southeastasia,AWS,12.7808,46.7442,6.6949,4.1452,Engineering,0.0093445484
12-02-2024,Storage,southeastasia,Azure,0.614,608.2746,1.6902,3.5299,Data,0.0030295492
13-02-2024,VM,eastus,AWS,14.7953,53.8082,8.1296,3.0643,Engineering,0.0111962764
13-02-2024,VM,westeurope,AWS,8.3709,54.4995,11.6738,2.3743,Engineering,0.013456979
13-02-2024,VM,westeurope,AWS,15.6563,45.7726,7.0138,2.2213,Engineering,0.0102366052
13-02-2024,VM,eastus,Azure,12.4817,50.0228,9.0487,2.7175,Engineering,0.0116450856
14-02-2024,Networking,southeastasia,Azure,2.5953,12.5718,20.4655,3.3617,DevOps,0.0210097036
14-02-2024,Storage,eastus,AWS,0.4709,674.4226,2.2322,2.943,Engineering,0.0036752252
14-02-2024,VM,westeurope,AWS,16.103,41.0417,9.2308,2.2967,DevOps,0.012533483400000002
14-02-2024,VM,eastus,AWS,6.7715,49.9628,7.065,3.1285,Data,0.008519225600000001
14-02-2024,Networking,westeurope,Azure,2.2769,10.4372,23.4239,5.0825,Engineering,0.0239001544
14-02-2024,Networking,eastus,AWS,2.4045,8.9343,29.8349,4.2733,QA,0.030333668600000002
15-02-2024,Storage,westeurope,AWS,0.664,855.1967,1.5934,2.6115,Data,0.0034365934
15-02-2024,Networking,eastus,AWS,1.5988,11.9482,21.1717,4.428,DevOps,0.0215153564
15-02-2024,Networking,eastus,AWS,1.336,11.7786,36.4706,4.5181,Engineering,0.0367613572
15-02-2024,VM,eastus,Azure,13.8214,59.8337,4.9938,1.9622,Engineering,0.007877747400000001
16-02-2024,VM,eastus,Azure,10.4926,47.6859,9.6487,2.2217,Data,0.0118425918
16-02-2024,Storage,eastus,AWS,0.7955,850.5631,2.138,1.6202,QA,0.0039982262
16-02-2024,VM,westeurope,AWS,9.2751,52.3628,7.6007,3.3594,Engineering,0.0095604456
16-02-2024,Storage,eastus,Azure,0.5933,756.7768,2.1814,2.8952,DevOps,0.0038136135999999998
17-02-2024,Storage,southeastasia,Azure,0.0926,675.3438,1.3017,2.5019,DevOps,0.0026709076000000003
17-02-2024,Database,southeastasia,AWS,4.1995,180.4593,1.7071,2.2582,Engineering,0.0029079186
17-02-2024,Networking,westeurope,AWS,1.4932,7.1512,15.7059,3.4032,Data,0.0160188424
18-02-2024,VM,westeurope,Azure,4.6484,42.5969,7.5682,2.7837,Data,0.0085830738
18-02-2024,Storage,eastus,AWS,0.3594,718.7029,1.403,1.5391,Data,0.0029122858
18-02-2024,Networking,eastus,AWS,1.003,9.3823,1.999,2.9209,Engineering,0.0022183646000000002
18-02-2024,Storage,westeurope,AWS,0.0923,770.696,1.0665,2.4078,Engineering,0.002626352
19-02-2024,Networking,eastus,Azure,2.558,9.0261,38.5304,5.3906,Data,0.0390600522
19-02-2024,Storage,eastus,AWS,0.5853,790.0783,1.927,2.8028,Data,0.0036242166
19-02-2024,Networking,southeastasia,Azure,2.9309,8.385,26.8535,4.0887,Data,0.027456450000000004
19-02-2024,Networking,eastus,Azure,2.1308,9.2667,19.9234,3.2388,Data,0.020368093400000002
20-02-2024,Networking,westeurope,Azure,1.7083,8.0486,17.3982,3.242,DevOps,0.0177559572
20-02-2024,Database,westeurope,Azure,1.7907,191.7731,3.501,3.3546,Engineering,0.0042426862
20-02-2024,Storage,eastus,AWS,0.6108,716.8806,1.9601,2.3276,Engineering,0.0035160212000000003
21-02-2024,Networking,eastus,AWS,2.1226,10.1525,19.8208,3.4213,Engineering,0.020265625
21-02-2024,VM,southeastasia,AWS,12.201,53.8695,4.2499,3.3365,DevOps,0.006797839
21-02-2024,Database,eastus,Azure,5.2064,160.0053,8.6222,4.0786,Engineering,0.0099834906
22-02-2024,Database,eastus,AWS,4.7653,195.0746,5.705,3.843,DevOps,0.0070482092
22-02-2024,VM,eastus,AWS,17.7441,66.303,10.2568,2.891,DevOps,0.013938226
22-02-2024,Networking,eastus,AWS,1.8996,9.7875,28.8914,5.0721,DevOps,0.029290895
22-02-2024,VM,westeurope,AWS,15.3578,34.0015,7.9123,4.1557,Engineering,0.011051863
22-02-2024,Storage,westeurope,Azure,0.5447,699.5217,1.7015,3.5822,Engineering,0.0032094834
22-02-2024,Storage,westeurope,Azure,0.4139,767.7838,1.5818,1.9569,Data,0.0032001476
23-02-2024,Storage,eastus,Azure,0.6637,731.8229,0.9015,3.1562,DevOps,0.0024978858
23-02-2024,Storage,westeurope,Azure,0.5251,808.1427,2.5117,1.7657,Engineering,0.0042330054
23-02-2024,Networking,westeurope,AWS,1.8672,10.7251,25.0814,5.0902,QA,0.0254762902
23-02-2024,Networking,eastus,AWS,1.7421,10.0363,42.71,6.853,Data,0.043078492600000004
24-02-2024,Storage,eastus,Azure,0.1923,843.6255,0.6379,1.2868,Engineering,0.002363611
24-02-2024,Networking,eastus,AWS,1.3385,8.1119,5.9176,3.3986,QA,0.006201523800000001
24-02-2024,VM,westeurope,Azure,3.2162,58.1238,5.7682,3.4176,QA,0.0065276876
24-02-2024,Storage,eastus,AWS,0.2291,728.1959,1.9846,3.5113,Engineering,0.0034868118000000005
24-02-2024,Networking,eastus,Azure,1.9912,10.7702,18.864,2.9365,Data,0.019283780400000002
25-02-2024,VM,westeurope,AWS,8.3473,46.9845,5.2582,3.5025,DevOps,0.007021629000000001
25-02-2024,VM,westeurope,Azure,4.199,44.9169,5.2334,3.385,Data,0.0061630338
26-02-2024,VM,eastus,AWS,11.2852,42.397,7.7655,1.8181,Engineering,0.010107334
26-02-2024,Storage,eastus,Azure,0.6765,864.9043,2.5309,3.522,Engineering,0.0043960086
26-02-2024,Database,westeurope,Azure,9.2993,215.9609,2.7925,1.6639,Data,0.0050842818
26-02-2024,VM,eastus,AWS,11.2135,56.2247,6.6732,1.8675,Data,0.0090283494
26-02-2024,VM,westeurope,Azure,8.4057,40.4513,10.9727,2.6353,Engineering,0.0127347426
27-02-2024,Storage,southeastasia,Azure,0.5143,688.7176,2.143,1.4802,Data,0.0036232951999999995
27-02-2024,Database,westeurope,Azure,6.9799,280.626,2.285,2.3423,QA,0.004242232
27-02-2024,Networking,westeurope,Azure,1.656,12.4184,41.8342,5.8333,Data,0.0421902368
27-02-2024,Networking,eastus,AWS,1.8717,6.3959,33.8181,5.14,Engineering,0.034205231800000006
27-02-2024,Networking,westeurope,Azure,2.0717,8.8863,18.1198,3.4183,Engineering,0.0185519126
27-02-2024,VM,eastus,AWS,11.3394,34.4911,9.0849,2.5901,QA,0.0114217622
28-02-2024,Storage,westeurope,Azure,0.345,835.7505,2.1732,2.0652,Engineering,0.003913701
28-02-2024,Storage,eastus,AWS,0.4274,902.4456,2.0793,3.5992,Engineering,0.0039696712
28-02-2024,Storage,eastus,Azure,0.6663,890.9727,1.9477,1.8034,Engineering,0.0038629054
28-02-2024,VM,westeurope,Azure,14.5245,41.2592,10.5247,4.5611,DevOps,0.0135121184
28-02-2024,Networking,southeastasia,AWS,1.5105,9.4345,35.182,5.4094,DevOps,0.035502969
29-02-2024,Networking,westeurope,AWS,1.5519,10.3101,36.8304,6.0814,Data,0.0371614002
29-02-2024,Storage,westeurope,AWS,0.474,564.8732,2.4396,2.9983,Engineering,0.0036641464
29-02-2024,Networking,southeastasia,Azure,1.4032,11.3787,39.0052,5.2026,Data,0.039308597400000006
01-03-2024,VM,eastus,Azure,9.9881,49.413,7.1705,2.9772,DevOps,0.009266946
01-03-2024,Storage,eastus,Azure,0.5285,546.0896,2.7642,2.6828,Engineering,0.0039620792
01-03-2024,VM,southeastasia,AWS,10.5052,61.3598,12.8856,2.4741,DevOps,0.0151093596
01-03-2024,VM,southeastasia,AWS,8.6558,50.7326,7.7257,3.9638,QA,0.0095583252
02-03-2024,VM,eastus,Azure,6.7281,54.2069,3.2908,1.451,Data,0.0047448338
02-03-2024,Database,eastus,Azure,1.2905,155.4117,3.2934,1.3629,Data,0.0038623234
02-03-2024,Storage,westeurope,Azure,0.0451,583.8731,0.6744,1.6588,DevOps,0.0018511662
02-03-2024,VM,eastus,AWS,7.3833,53.7046,6.3074,1.8112,Engineering,0.0078914692
02-03-2024,Storage,westeurope,AWS,0.0719,932.1152,2.175,2.9655,Data,0.0040536104
03-03-2024,Networking,eastus,Azure,2.0322,12.3429,9.6485,1.5703,DevOps,0.0100796258
03-03-2024,Database,westeurope,AWS,0.7128,197.6415,7.382,2.7569,DevOps,0.007919843
04-03-2024,VM,westeurope,AWS,8.2666,58.9547,7.1914,3.5005,Data,0.0089626294
04-03-2024,Storage,southeastasia,AWS,0.4756,936.0524,2.3561,3.019,Engineering,0.0043233248
04-03-2024,Database,eastus,AWS,1.5894,228.5588,6.6517,1.6863,DevOps,0.0074266976
04-03-2024,VM,eastus,Azure,14.8594,53.8481,9.7402,3.9823,Engineering,0.012819776199999999
04-03-2024,VM,westeurope,Azure,13.5485,54.3838,9.0792,3.5432,DevOps,0.011897667600000002
05-03-2024,VM,westeurope,AWS,18.3283,55.8845,12.1403,2.5305,DevOps,0.015917729
05-03-2024,VM,southeastasia,Azure,14.0162,46.4491,9.5079,3.2598,Engineering,0.0124040382
05-03-2024,VM,westeurope,Azure,10.5875,46.9515,4.6811,3.3645,Data,0.0068925029999999995
05-03-2024,VM,westeurope,Azure,12.6577,59.6695,9.0207,3.1231,Data,0.011671579
05-03-2024,VM,eastus,AWS,18.6562,44.784,11.737,2.8827,Data,0.015557808000000001
06-03-2024,VM,westeurope,AWS,10.1214,50.1153,10.2922,2.1073,DevOps,0.012416710599999999
06-03-2024,Networking,eastus,AWS,1.4836,9.0128,27.2665,3.9327,DevOps,0.027581245600000002
06-03-2024,VM,southeastasia,AWS,11.5212,57.0873,7.457,4.1781,DevOps,0.0098754146
06-03-2024,VM,westeurope,AWS,14.2682,60.6706,10.2229,2.1624,Engineering,0.0131978812
07-03-2024,VM,southeastasia,AWS,13.1468,43.9702,13.3787,4.8675,Engineering,0.0160960004
07-03-2024,VM,eastus,AWS,10.7692,42.5283,7.8523,3.3423,QA,0.0100911966
07-03-2024,Networking,eastus,Azure,0.9176,12.0079,22.5195,4.7544,Engineering,0.0227270358
07-03-2024,Networking,westeurope,Azure,2.7085,9.8523,26.0943,5.3131,DevOps,0.0266557046
07-03-2024,VM,westeurope,Azure,10.9698,64.7352,6.0603,1.7291,Engineering,0.0083837304
08-03-2024,VM,eastus,AWS,12.463,38.5601,5.2788,1.6512,Engineering,0.0078485202
08-03-2024,VM,eastus,AWS,19.2378,55.8845,7.9538,4.5908,Data,0.011913129000000001
08-03-2024,Storage,westeurope,AWS,0.4671,814.4908,2.9285,3.8505,DevOps,0.0046509016
09-03-2024,Storage,eastus,AWS,0.2674,645.4669,0.2762,2.8801,Engineering,0.0016206138000000002
09-03-2024,VM,westeurope,Azure,3.3592,54.4327,8.779,3.6912,Data,0.0095597054
09-03-2024,Networking,westeurope,Azure,0.7328,9.0006,17.8086,3.6531,Data,0.017973161199999997
09-03-2024,Storage,eastus,Azure,0.3187,1055.1723,1.2598,3.0491,Data,0.0034338846
09-03-2024,Storage,westeurope,AWS,0.4041,830.2145,0.7238,1.9116,DevOps,0.0024650490000000004
10-03-2024,Networking,westeurope,AWS,1.6324,8.7837,3.6818,3.2102,DevOps,0.0040258474
10-03-2024,VM,eastus,Azure,3.9328,48.8313,4.0909,1.6991,DevOps,0.0049751226
10-03-2024,Storage,westeurope,AWS,0.3731,778.353,1.8237,2.6452,Engineering,0.003455026
11-03-2024,Storage,westeurope,Azure,0.5377,882.556,0.5746,2.9019,Data,0.002447252
11-03-2024,VM,westeurope,AWS,13.7947,50.2327,9.4965,2.6031,Data,0.012355905399999999
11-03-2024,Storage,southeastasia,AWS,0.5669,891.1266,2.8167,2.4519,Engineering,0.0047123332
12-03-2024,Database,westeurope,AWS,4.5075,171.1553,6.2463,3.0113,Data,0.0074901106
12-03-2024,Networking,eastus,Azure,1.8435,9.9989,18.7463,3.0875,DevOps,0.0191349978
12-03-2024,Networking,westeurope,AWS,2.3023,9.9704,25.6208,4.5801,Data,0.0261012008
12-03-2024,VM,eastus,AWS,10.0519,59.9098,11.407,4.3511,QA,0.0135371996
12-03-2024,Database,westeurope,AWS,5.0994,212.1943,2.6306,2.0406,DevOps,0.0040748686
12-03-2024,Networking,eastus,AWS,2.0071,8.5691,26.3367,5.3494,QA,0.0267552582
13-03-2024,Networking,westeurope,AWS,2.3432,9.7273,31.5601,4.5356,Engineering,0.0320481946
13-03-2024,Database,southeastasia,AWS,3.8719,206.4094,3.71,2.6625,DevOps,0.0048971988000000004
13-03-2024,VM,westeurope,AWS,8.91,49.1827,10.4815,2.1464,Engineering,0.012361865400000002
14-03-2024,Networking,eastus,Azure,1.5239,10.634,30.9852,4.0762,DevOps,0.031311248
14-03-2024,Storage,eastus,AWS,0.6316,718.915,2.0205,3.696,DevOps,0.00358465
14-03-2024,VM,eastus,AWS,15.6521,56.1542,7.3958,2.7173,Engineering,0.0106385284
14-03-2024,VM,westeurope,Azure,15.4009,55.8754,7.3963,3.9645,Engineering,0.0105882308
14-03-2024,Database,westeurope,AWS,5.1024,206.8573,7.7032,2.0151,Data,0.009137394600000001
15-03-2024,Storage,eastus,Azure,0.5479,857.0439,1.9122,2.9359,Data,0.0037358677999999998
15-03-2024,VM,westeurope,Azure,8.3827,48.6425,7.3413,1.9132,DevOps,0.009115125
15-03-2024,Database,eastus,AWS,6.3306,188.9532,4.3104,2.9995,Engineering,0.0059544264
15-03-2024,VM,eastus,Azure,16.9024,33.9247,7.561,3.2845,DevOps,0.0110093294
15-03-2024,VM,southeastasia,AWS,6.1047,51.9204,7.2242,3.0228,DevOps,0.0085489808
16-03-2024,Storage,eastus,Azure,0.3626,805.9728,1.0042,3.0218,DevOps,0.0026886656
16-03-2024,Database,eastus,Azure,2.6095,170.1082,2.0802,3.1061,Data,0.0029423164
16-03-2024,VM,eastus,AWS,10.3798,54.6275,5.6406,2.9771,QA,0.007825815
16-03-2024,Networking,southeastasia,AWS,0.517,10.1046,9.2421,2.0834,DevOps,0.0093657092
17-03-2024,VM,eastus,Azure,7.9939,57.1109,2.2515,1.3399,Data,0.0039645018
17-03-2024,Networking,eastus,Azure,1.4122,9.7479,18.6442,2.511,DevOps,0.018946135800000003
17-03-2024,Storage,southeastasia,Azure,0.2947,638.3885,1.2247,2.4131,Engineering,0.0025604169999999997
17-03-2024,VM,westeurope,AWS,9.6035,65.8315,2.0382,2.6833,DevOps,0.004090563
18-03-2024,VM,southeastasia,AWS,13.307,62.5509,11.2171,3.8175,Engineering,0.014003601800000001
18-03-2024,VM,eastus,Azure,15.5697,57.6026,4.22,2.3491,Engineering,0.0074491452
18-03-2024,Storage,southeastasia,Azure,0.6158,866.1772,2.2044,1.8986,Engineering,0.0040599144
18-03-2024,Storage,westeurope,Azure,0.5055,769.2991,1.8037,3.6703,Data,0.0034433982000000004
18-03-2024,VM,southeastasia,AWS,7.1293,49.8234,7.5815,1.7943,DevOps,0.009107006800000001
19-03-2024,VM,southeastasia,Azure,3.5402,54.3684,12.7168,3.6083,DevOps,0.0135335768
19-03-2024,VM,westeurope,Azure,13.6193,42.7016,3.4941,2.0393,Engineering,0.0063033632
19-03-2024,Storage,westeurope,AWS,0.4662,907.1107,0.9035,3.2661,Engineering,0.0028109614
19-03-2024,VM,westeurope,AWS,11.8356,57.3318,6.1932,2.7382,QA,0.0086749836
19-03-2024,VM,westeurope,AWS,14.998,48.2219,10.5312,3.4533,QA,0.013627243800000001
20-03-2024,Storage,southeastasia,AWS,0.5545,742.5139,0.9359,1.2349,DevOps,0.0025318278
20-03-2024,VM,westeurope,AWS,10.5206,60.8272,4.9844,1.8989,Data,0.0072101744
20-03-2024,VM,eastus,AWS,14.4396,51.0179,8.3958,3.7007,DevOps,0.011385755800000001
20-03-2024,VM,eastus,AWS,20.8473,59.3351,4.7574,4.0457,Engineering,0.009045530199999999
21-03-2024,Networking,eastus,Azure,1.3388,7.9208,43.0413,5.1228,DevOps,0.0433249016
21-03-2024,VM,eastus,Azure,10.5759,57.7484,11.4742,4.2955,Engineering,0.013704876800000002
21-03-2024,VM,eastus,AWS,12.3185,47.2458,3.5932,2.4786,Engineering,0.0061513916
22-03-2024,Networking,eastus,AWS,2.0561,12.617,27.4708,3.9664,Engineering,0.027907254
22-03-2024,VM,eastus,AWS,13.2749,39.6679,6.6445,2.3145,Data,0.0093788158
22-03-2024,Database,westeurope,Azure,8.0126,130.0804,6.6289,2.0102,Data,0.0084915808
22-03-2024,Storage,eastus,Azure,0.6319,678.3325,2.0514,2.7491,Data,0.0035344449999999998
22-03-2024,VM,eastus,AWS,10.5814,40.3668,7.683,2.9998,DevOps,0.009880013600000001
22-03-2024,Storage,eastus,Azure,0.5221,1114.4952,1.3328,3.0705,Engineering,0.0036662104000000006
23-03-2024,Networking,southeastasia,Azure,1.0876,12.4382,12.5979,2.014,DevOps,0.0128402964
23-03-2024,VM,westeurope,AWS,8.2102,46.8875,0.0,0.9635,DevOps,0.0017358150000000001
23-03-2024,Storage,westeurope,AWS,0.1327,789.5362,1.3982,2.6015,Engineering,0.0030038124
23-03-2024,Database,eastus,AWS,4.2955,197.9898,1.6429,1.1808,QA,0.0028979796000000004
23-03-2024,Networking,westeurope,Azure,0.9737,9.8051,20.2329,3.3233,Engineering,0.020447250200000003
23-03-2024,Networking,southeastasia,AWS,1.0984,10.1559,9.7885,2.5067,Data,0.0100284918
24-03-2024,Networking,westeurope,Azure,1.4049,8.7084,27.6303,3.4855,Data,0.0279286968
24-03-2024,VM,southeastasia,Azure,9.2937,54.0606,7.4601,3.2943,QA,0.0094269612
24-03-2024,Database,westeurope,Azure,6.314,193.4586,1.2285,1.8465,Engineering,0.0028782172
24-03-2024,VM,eastus,AWS,5.2437,39.7072,4.0745,1.3413,QA,0.0052026544
25-03-2024,VM,eastus,AWS,16.6535,33.7521,13.2513,4.3884,QA,0.0166495042
25-03-2024,VM,westeurope,Azure,13.596,56.7371,4.9128,3.6977,Data,0.0077454742000000005
25-03-2024,VM,westeurope,Azure,14.2179,56.1225,7.0145,3.0168,Data,0.009970325
25-03-2024,VM,eastus,Azure,10.4778,57.3507,8.8541,3.8032,DevOps,0.0110643614
26-03-2024,Database,southeastasia,AWS,5.2963,219.3388,3.9391,1.5142,QA,0.0054370376
26-03-2024,Database,eastus,Azure,6.188,169.4995,4.6339,1.4001,DevOps,0.0062104989999999995
26-03-2024,VM,westeurope,Azure,8.3961,55.1891,11.2038,2.051,Engineering,0.0129933982
27-03-2024,Storage,eastus,Azure,0.5787,601.716,1.115,1.2628,Data,0.002434172
27-03-2024,Storage,westeurope,Azure,0.7064,1024.8701,1.8114,2.4114,Engineering,0.0040024202000000005
27-03-2024,Storage,westeurope,AWS,0.6198,936.9027,1.9889,2.58,Data,0.0039866654000000005
27-03-2024,Database,westeurope,Azure,7.4073,189.3519,4.2209,2.9912,DevOps,0.0060810638000000005
27-03-2024,Database,eastus,Azure,6.2302,189.3485,6.9175,2.0772,DevOps,0.008542237000000001
28-03-2024,Storage,westeurope,Azure,0.6943,902.4771,2.2489,3.8299,Engineering,0.004192714199999999
28-03-2024,Storage,eastus,AWS,0.5579,601.4326,2.3233,3.5002,Engineering,0.0036377452000000005
28-03-2024,Storage,westeurope,AWS,0.4908,745.8009,2.117,3.4883,Engineering,0.0037067617999999997
28-03-2024,Database,westeurope,AWS,4.8626,195.0059,5.3178,3.2051,QA,0.0066803318
29-03-2024,Database,eastus,AWS,7.2995,248.2292,5.8733,3.5091,Engineering,0.007829658400000002
29-03-2024,VM,eastus,AWS,12.4715,55.4743,8.7568,2.6944,Engineering,0.0113620486
29-03-2024,Storage,westeurope,AWS,0.4152,795.4147,2.7392,3.8395,Engineering,0.0044130694
29-03-2024,VM,eastus,AWS,4.3878,54.0747,5.077,1.7583,Engineering,0.0060627094
29-03-2024,VM,southeastasia,AWS,14.5532,61.2543,7.8174,3.9005,Engineering,0.0108505486
29-03-2024,VM,eastus,AWS,8.3478,48.7945,10.486,4.3424,Engineering,0.012253149000000001
30-03-2024,Networking,eastus,AWS,1.4709,12.4617,25.1653,5.0005,Data,0.025484403399999998
30-03-2024,VM,westeurope,Azure,9.2451,47.9084,6.0284,2.011,QA,0.0079732368
30-03-2024,Storage,westeurope,AWS,0.2469,924.299,0.8361,2.1163,Data,0.002734078
30-03-2024,Storage,westeurope,AWS,0.4318,1028.4964,1.9756,2.7111,Engineering,0.004118952800000001
31-03-2024,Storage,southeastasia,Azure,0.2163,751.8718,0.8699,3.3008,DevOps,0.0024169036
31-03-2024,Storage,eastus,Azure,0.3287,987.314,2.221,2.4005,Data,0.004261368
31-03-2024,Networking,eastus,Azure,1.8191,8.6845,0.0,3.0653,QA,0.000381189
31-03-2024,VM,eastus,AWS,9.7063,61.2045,5.267,3.0455,Data,0.0073306690000000015
31-03-2024,Storage,eastus,AWS,0.3482,600.1658,0.6182,1.6252,Engineering,0.0018881715999999999
01-04-2024,VM,eastus,AWS,9.2162,49.4782,10.136,3.0583,Engineering,0.0120781964
01-04-2024,Networking,eastus,AWS,1.7369,12.0825,26.5348,3.0569,Data,0.026906345
01-04-2024,VM,eastus,AWS,13.149,50.1596,10.1282,3.3343,Data,0.0128583192
01-04-2024,VM,eastus,Azure,11.1377,52.155,7.8908,2.3785,Data,0.01022265
01-04-2024,VM,westeurope,AWS,10.7273,43.8905,6.689,2.5999,Data,0.008922241000000001
02-04-2024,VM,eastus,Azure,12.8359,39.295,8.4849,4.2283,DevOps,0.01113067
02-04-2024,VM,eastus,Azure,12.6448,48.1494,6.8754,2.8091,Data,0.0095006588
02-04-2024,VM,eastus,AWS,15.6254,62.7712,5.371,2.5207,Engineering,0.0086216224
02-04-2024,Storage,westeurope,AWS,0.5683,769.7746,2.3895,2.4715,Engineering,0.0040427092
02-04-2024,Networking,westeurope,AWS,1.6679,11.3224,26.1435,5.0655,Data,0.0264997248
02-04-2024,VM,southeastasia,AWS,9.5386,49.4347,9.6831,2.3635,QA,0.0116896894
03-04-2024,VM,eastus,Azure,11.8344,53.6366,4.0423,2.6504,Engineering,0.0065164532
03-04-2024,Networking,westeurope,Azure,2.0049,8.5766,45.7263,5.7242,Data,0.0461444332
03-04-2024,Database,southeastasia,Azure,4.3434,227.7191,4.2466,2.1205,Engineering,0.0055707182
04-04-2024,Storage,eastus,Azure,0.5894,711.0328,2.9965,2.7445,Data,0.0045364456
04-04-2024,Database,eastus,AWS,4.9027,192.5493,2.8631,3.3799,DevOps,0.0042287386
04-04-2024,Networking,westeurope,Azure,2.2214,10.6522,27.0952,5.0271,QA,0.0275607844
04-04-2024,Networking,westeurope,AWS,1.6511,11.1359,30.21,3.8523,Data,0.0305624918
04-04-2024,Database,westeurope,AWS,5.2986,208.196,5.6648,1.6149,DevOps,0.007140911999999999
04-04-2024,Database,westeurope,AWS,4.2235,205.9198,4.3391,3.5334,Engineering,0.0055956396000000005
05-04-2024,VM,eastus,Azure,15.1219,44.0584,2.6328,2.2548,DevOps,0.005745296800000001
05-04-2024,Database,eastus,Azure,5.2353,201.0332,1.2675,1.4225,DevOps,0.0027166264
05-04-2024,Networking,southeastasia,Azure,1.6709,9.7978,23.641,3.0063,DevOps,0.0239947756
05-04-2024,Storage,southeastasia,Azure,0.5893,554.007,2.6954,3.2323,Engineering,0.003921274
05-04-2024,Storage,eastus,AWS,0.458,671.6856,0.9278,2.81,Engineering,0.0023627712
06-04-2024,VM,eastus,AWS,5.8852,45.9638,8.4428,1.8169,Data,0.0097117676
06-04-2024,VM,southeastasia,AWS,7.6831,33.079,2.4083,1.9024,Engineering,0.004011078
06-04-2024,VM,eastus,AWS,5.7339,60.1184,6.2752,3.0312,Engineering,0.007542216799999999
06-04-2024,VM,southeastasia,AWS,6.7947,50.0211,7.7891,2.6499,Engineering,0.0092480822
07-04-2024,Storage,westeurope,AWS,0.2718,789.727,1.9046,2.1544,Data,0.003538414
07-04-2024,Networking,southeastasia,Azure,0.8539,8.9397,22.7,5.0667,Data,0.0228886594
07-04-2024,VM,westeurope,Azure,8.5305,41.361,2.2839,2.5129,DevOps,0.004072722
07-04-2024,Storage,eastus,AWS,0.1714,846.6774,1.1509,1.4712,Data,0.0028785348000000006
07-04-2024,VM,eastus,AWS,3.802,52.5827,3.1032,3.1731,DevOps,0.0039687654
08-04-2024,VM,southeastasia,AWS,10.4782,44.8147,10.5083,2.6027,Data,0.0126935694
08-04-2024,Networking,eastus,Azure,2.0289,8.9265,44.0784,4.9012,Engineering,0.044502033
08-04-2024,Storage,eastus,AWS,0.5514,743.7731,1.6598,2.04,Data,0.0032576261999999996
08-04-2024,VM,eastus,AWS,12.4254,46.2206,5.5818,2.4642,Engineering,0.0081593212
08-04-2024,Networking,southeastasia,Azure,1.5135,12.9062,28.5956,4.5381,DevOps,0.028924112400000004
08-04-2024,VM,eastus,AWS,17.057,52.5628,5.493,2.1673,QA,0.0090095256
09-04-2024,VM,eastus,AWS,6.7896,53.9389,5.2693,1.9911,DevOps,0.0067350978
09-04-2024,Database,southeastasia,AWS,3.7998,184.9579,6.463,3.0886,Engineering,0.0075928758
09-04-2024,Networking,eastus,AWS,2.2578,12.1021,19.725,3.0695,DevOps,0.020200764200000002
09-04-2024,VM,southeastasia,AWS,14.6789,63.7222,7.0168,3.0541,QA,0.0100800244
10-04-2024,Storage,eastus,Azure,0.589,1067.1223,2.0066,1.5858,DevOps,0.0042586446
10-04-2024,Storage,eastus,AWS,0.5694,1091.5139,1.8824,2.7642,Engineering,0.0041793078
10-04-2024,VM,westeurope,Azure,7.0121,52.1269,13.9924,2.2884,DevOps,0.0154990738
10-04-2024,VM,eastus,Azure,8.9812,47.4202,7.9335,4.0391,Engineering,0.009824580400000001
11-04-2024,Storage,westeurope,AWS,0.4536,834.0501,1.4073,3.4115,Engineering,0.0031661202
11-04-2024,VM,westeurope,AWS,11.3729,54.0011,7.2398,1.9429,Data,0.0096223822
11-04-2024,VM,eastus,Azure,11.9323,40.3966,8.4548,2.6045,Data,0.0109220532
12-04-2024,Networking,eastus,Azure,2.3584,6.8399,33.3869,4.0,Data,0.0338722598
12-04-2024,Database,southeastasia,Azure,6.4668,226.2098,4.2541,2.9029,DevOps,0.005999879600000001
12-04-2024,Storage,eastus,Azure,0.4721,865.233,1.9023,1.4634,Engineering,0.0037271860000000004
12-04-2024,Networking,southeastasia,Azure,1.474,10.3034,27.8292,5.3939,Engineering,0.028144606800000003
12-04-2024,Storage,eastus,AWS,0.3315,910.7076,2.3818,1.4626,QA,0.004269515200000001
13-04-2024,VM,eastus,AWS,6.218,54.5631,10.6384,2.0104,Data,0.0119911262
13-04-2024,Storage,eastus,Azure,0.2587,774.6,0.6234,1.6046,Engineering,0.00222434
13-04-2024,Database,eastus,AWS,3.1679,183.1416,4.022,1.9188,QA,0.005021863200000001
13-04-2024,Storage,westeurope,Azure,0.3423,687.4489,1.13,2.8787,Engineering,0.0025733578
13-04-2024,Networking,westeurope,Azure,0.6871,11.1175,27.955,3.5241,Data,0.028114655
14-04-2024,Networking,eastus,AWS,0.8303,8.9173,26.1511,3.6059,DevOps,0.0263349946
14-04-2024,VM,eastus,Azure,15.253,44.3697,3.8926,1.7367,DevOps,0.0070319394
14-04-2024,VM,southeastasia,AWS,11.9192,37.9342,1.6821,3.6952,Engineering,0.0041418083999999996
14-04-2024,Storage,eastus,Azure,0.3534,921.2843,1.4494,2.197,Engineering,0.0033626486000000004
14-04-2024,Database,westeurope,Azure,4.5403,205.5946,0.7147,1.8649,QA,0.0020339492000000002
14-04-2024,Storage,westeurope,AWS,0.4359,928.002,0.6871,2.4611,Data,0.002630284
15-04-2024,Storage,eastus,Azure,0.2419,717.6802,1.4433,3.3999,QA,0.0029270404
15-04-2024,Storage,eastus,Azure,0.4701,736.8944,2.1067,3.3114,Data,0.0036745088
15-04-2024,Database,westeurope,Azure,9.6669,183.7315,2.3049,2.1575,Engineering,0.004605743000000001
16-04-2024,VM,westeurope,AWS,16.4711,42.5625,9.6546,2.2971,Data,0.013033945000000002
16-04-2024,VM,eastus,AWS,12.8175,36.0517,10.1137,2.424,Engineering,0.0127493034
16-04-2024,VM,southeastasia,Azure,17.0807,60.3052,4.2972,3.062,QA,0.007833950400000001
17-04-2024,Networking,westeurope,Azure,3.1357,9.3934,34.4229,4.4484,Engineering,0.0350688268
17-04-2024,Database,eastus,Azure,6.8546,216.7873,3.7797,1.4361,QA,0.0055841946
17-04-2024,Storage,westeurope,Azure,0.4722,1045.6235,1.595,2.5675,QA,0.0037806869999999996
17-04-2024,Storage,eastus,AWS,0.4496,771.8798,2.4845,1.8778,Data,0.004118179600000001
18-04-2024,Networking,eastus,AWS,2.0131,7.3976,29.4861,4.3695,Engineering,0.0299035152
18-04-2024,VM,eastus,Azure,14.2009,48.2493,7.9021,3.1257,Engineering,0.010838778600000001
18-04-2024,VM,southeastasia,Azure,14.3736,46.188,2.7762,3.0385,DevOps,0.005743296
19-04-2024,VM,eastus,AWS,14.2249,49.0426,6.6545,3.0986,Engineering,0.0095975652
19-04-2024,Storage,eastus,Azure,0.409,801.1358,2.0759,2.7357,Engineering,0.0037599716
19-04-2024,Database,westeurope,Azure,4.8982,205.2586,2.9949,2.7759,Engineering,0.0043850572
19-04-2024,VM,southeastasia,Azure,7.0872,50.897,8.766,2.0245,Engineering,0.010285233999999999
19-04-2024,VM,westeurope,AWS,12.3931,58.6519,11.3272,3.1863,Engineering,0.0139231238
20-04-2024,Storage,westeurope,Azure,0.3065,858.8994,0.2286,1.3212,Engineering,0.0020076988
20-04-2024,Storage,westeurope,Azure,0.314,805.4708,0.9536,2.7952,Engineering,0.0026273416000000003
20-04-2024,Networking,westeurope,AWS,2.0792,9.093,22.4315,4.4545,Engineering,0.022865526
20-04-2024,VM,westeurope,AWS,5.5481,65.5826,6.4869,2.8218,Engineering,0.007727685200000001
21-04-2024,VM,westeurope,AWS,11.8064,60.2607,1.195,2.43,Engineering,0.0036768014000000005
21-04-2024,Storage,eastus,Azure,0.2871,651.3137,2.2575,1.7416,Data,0.0036175474
21-04-2024,Networking,eastus,AWS,1.9972,7.5679,18.9037,4.0404,DevOps,0.019318275800000003
22-04-2024,VM,eastus,AWS,7.2964,47.6398,7.5243,2.3607,QA,0.009078859600000001
22-04-2024,VM,eastus,Azure,9.3317,47.5364,9.8011,2.5553,Engineering,0.0117625128
22-04-2024,Storage,eastus,Azure,0.3373,941.2227,2.2907,2.9731,Engineering,0.004240605400000001
23-04-2024,Database,westeurope,AWS,5.056,177.5235,5.7838,2.8693,Engineering,0.0071500470000000005
23-04-2024,Storage,westeurope,AWS,0.2706,808.5504,1.2239,1.778,Engineering,0.0028951208
23-04-2024,VM,eastus,Azure,16.0108,58.8692,7.7423,3.4219,Engineering,0.0110621984
23-04-2024,Networking,westeurope,Azure,2.4997,8.5399,39.0642,6.3417,QA,0.0395812198
24-04-2024,VM,eastus,AWS,10.8216,39.7782,9.6776,2.0216,Engineering,0.011921476399999999
24-04-2024,Storage,westeurope,Azure,0.4696,615.1595,1.1637,3.3146,Data,0.0024879389999999998
24-04-2024,VM,eastus,AWS,17.7786,42.1413,6.0452,2.2978,Engineering,0.009685202600000001
24-04-2024,VM,eastus,Azure,16.153,50.0798,7.4618,4.2891,Engineering,0.0107925596
24-04-2024,Networking,southeastasia,Azure,1.7249,10.6133,41.1395,4.3574,Engineering,0.041505706600000004
24-04-2024,Networking,southeastasia,AWS,2.6895,10.2725,23.1699,3.9364,DevOps,0.023728345
25-04-2024,VM,southeastasia,Azure,13.3343,43.8076,8.3585,2.7549,DevOps,0.0111129752
25-04-2024,Storage,westeurope,AWS,0.5455,918.7832,1.6309,3.5309,Engineering,0.0035775664
25-04-2024,VM,southeastasia,AWS,14.1941,54.4282,7.6588,4.0586,DevOps,0.0106064764
26-04-2024,Database,westeurope,AWS,6.508,244.2214,6.9974,2.3973,Data,0.0087874428
26-04-2024,Storage,eastus,AWS,0.678,781.9443,2.4006,2.5201,DevOps,0.004100088599999999
27-04-2024,Networking,eastus,Azure,1.0895,8.6078,15.6545,3.5462,DevOps,0.0158896156
27-04-2024,VM,eastus,Azure,7.7619,46.0657,7.2453,1.9081,Engineering,0.008889811400000001
27-04-2024,VM,westeurope,Azure,3.0952,40.6003,0.0,2.8795,Engineering,0.0007002406000000001
27-04-2024,Storage,westeurope,AWS,0.4178,778.2261,0.9362,2.8588,QA,0.0025762122
27-04-2024,Storage,eastus,AWS,0.3638,741.8251,0.4028,2.2675,DevOps,0.0019592102
27-04-2024,VM,westeurope,AWS,12.6818,55.9488,3.7071,2.3478,Engineering,0.0063553576
28-04-2024,Storage,eastus,Azure,0.3869,1146.1079,1.4966,3.4141,Engineering,0.0038661957999999996
28-04-2024,Networking,southeastasia,Azure,0.9193,8.4466,24.9636,3.4028,Engineering,0.0251643532
28-04-2024,VM,westeurope,Azure,8.0491,51.267,3.3808,3.1056,Engineering,0.005093154
29-04-2024,VM,eastus,Azure,10.8653,64.2833,6.5471,2.9323,Engineering,0.0088487266
29-04-2024,Database,southeastasia,AWS,6.416,199.3316,5.4831,3.3407,DevOps,0.007164963200000001
29-04-2024,VM,westeurope,Azure,11.9667,52.1631,6.6495,2.5768,QA,0.009147166200000001
29-04-2024,VM,eastus,AWS,15.0055,46.2682,6.1232,1.9773,DevOps,0.0092168364
29-04-2024,VM,westeurope,AWS,9.7209,56.9001,7.2767,3.9284,Data,0.0093346802
29-04-2024,Storage,eastus,AWS,0.4812,760.7965,1.3745,1.6408,QA,0.0029923330000000002
30-04-2024,Database,westeurope,AWS,4.2416,251.2948,4.7469,1.671,Engineering,0.0060978096
30-04-2024,Storage,eastus,AWS,0.5012,951.066,2.0321,2.6954,Engineering,0.004034472
30-04-2024,Database,southeastasia,Azure,6.3644,249.2607,6.1304,2.034,Data,0.0079018014
30-04-2024,Storage,southeastasia,Azure,0.401,840.6865,2.7885,1.966,Data,0.004550073
01-05-2024,VM,eastus,Azure,10.6752,47.1289,7.7031,2.1896,QA,0.0099323978
01-05-2024,VM,southeastasia,AWS,15.9443,45.7587,10.8732,2.759,DevOps,0.014153577400000002
01-05-2024,VM,southeastasia,Azure,7.5718,58.8642,9.1542,1.905,QA,0.0107862884
02-05-2024,Storage,westeurope,Azure,0.5672,910.9292,1.058,2.3858,Data,0.0029932984000000003
02-05-2024,Database,westeurope,Azure,6.4738,222.6536,8.7569,3.6678,QA,0.0104969672
02-05-2024,Networking,eastus,AWS,2.1665,6.4825,18.1635,3.2746,Data,0.018609765
03-05-2024,Networking,eastus,AWS,1.81,9.0937,17.5488,2.3747,Data,0.0179289874
03-05-2024,VM,eastus,AWS,11.9789,48.3829,7.1075,4.0669,QA,0.0096000458
03-05-2024,VM,southeastasia,AWS,9.8146,57.5254,8.2924,3.1465,DevOps,0.0103703708
03-05-2024,Networking,westeurope,Azure,2.5959,9.6395,14.9712,2.5468,Engineering,0.015509659
03-05-2024,Networking,southeastasia,AWS,1.968,10.8044,10.2348,3.7978,Engineering,0.010650008800000001
04-05-2024,VM,eastus,AWS,6.7136,53.7995,5.0821,3.7853,DevOps,0.006532419
04-05-2024,Networking,westeurope,AWS,1.0152,9.9376,13.5713,3.2363,Data,0.013794215200000001
05-05-2024,Networking,eastus,AWS,0.7579,6.1174,15.5379,3.7077,QA,0.0157017148
05-05-2024,VM,eastus,AWS,10.0486,57.2023,5.11,2.8627,Engineering,0.007234124600000001
05-05-2024,VM,westeurope,Azure,1.6187,56.4818,2.6287,3.1011,DevOps,0.0030654035999999997
06-05-2024,VM,southeastasia,Azure,12.5897,51.8176,4.7693,3.0331,Engineering,0.007390875200000001
06-05-2024,VM,southeastasia,AWS,8.5295,56.9288,9.2932,3.762,Engineering,0.0111129576
06-05-2024,VM,eastus,AWS,14.2082,55.1089,9.2048,3.8135,Data,0.012156657800000002
06-05-2024,Database,westeurope,AWS,4.5783,218.1638,5.1063,3.4007,Engineering,0.0064582876
07-05-2024,VM,eastus,AWS,9.3119,41.3737,8.8319,2.7229,Data,0.0107770274
07-05-2024,Storage,southeastasia,Azure,0.5633,973.6767,2.3409,3.0426,QA,0.0044009133999999995
07-05-2024,Storage,eastus,AWS,0.3688,630.5247,2.0541,3.1989,Engineering,0.0033889094
08-05-2024,Networking,eastus,AWS,2.3767,10.9259,27.789,3.8432,QA,0.028286191800000002
08-05-2024,Networking,southeastasia,Azure,2.4308,10.2074,25.462,3.0739,Engineering,0.0259685748
08-05-2024,VM,westeurope,AWS,10.9723,36.7581,11.5957,3.9738,Engineering,0.013863676200000001
08-05-2024,Storage,southeastasia,AWS,0.4837,750.0131,2.6719,3.7917,Engineering,0.0042686662
08-05-2024,Storage,westeurope,AWS,0.6844,705.3662,2.4021,1.917,Data,0.0039497124
08-05-2024,VM,eastus,Azure,12.2153,59.6766,4.9032,2.4489,QA,0.0074656132
09-05-2024,VM,eastus,AWS,12.8416,57.6207,5.4459,3.2276,DevOps,0.0081294614
09-05-2024,Storage,eastus,Azure,0.6244,862.0336,1.8671,1.4995,Engineering,0.0037160472
09-05-2024,Storage,southeastasia,Azure,0.4037,652.3834,2.1155,2.4968,Data,0.0035010068000000004
09-05-2024,Database,westeurope,AWS,5.2481,242.7978,5.4934,3.6806,Data,0.007028615600000001
09-05-2024,Storage,eastus,AWS,0.605,822.7194,2.1783,3.0468,Engineering,0.0039447388
10-05-2024,Storage,southeastasia,AWS,0.5158,847.8133,2.2623,2.1731,QA,0.0040610865999999995
10-05-2024,VM,eastus,AWS,4.331,51.0608,11.2373,2.0603,Engineering,0.012205621600000001
10-05-2024,Database,eastus,AWS,8.2465,258.0404,3.3885,1.9365,Data,0.0055538808
10-05-2024,Storage,southeastasia,Azure,0.4045,672.2001,1.1407,1.6461,Engineering,0.0025660002000000006
11-05-2024,Database,westeurope,Azure,2.7592,236.3648,1.7603,2.0584,QA,0.0027848696
11-05-2024,Database,eastus,Azure,5.319,176.6789,4.8382,2.4376,Engineering,0.0062553578
11-05-2024,Networking,eastus,AWS,0.4348,8.0929,14.1145,2.6844,Engineering,0.0142176458
11-05-2024,VM,eastus,Azure,8.123,41.7836,1.8862,2.8444,QA,0.0035943672000000003
12-05-2024,Storage,eastus,Azure,0.5248,804.6204,1.8644,3.1857,Engineering,0.0035786008
12-05-2024,VM,westeurope,Azure,8.8667,33.8331,2.9208,3.5616,Data,0.0047618062
12-05-2024,VM,eastus,Azure,12.3957,42.8685,3.5707,1.5253,DevOps,0.006135577
13-05-2024,Database,eastus,Azure,3.2071,203.3696,6.7193,2.1768,Data,0.0077674592
13-05-2024,VM,eastus,AWS,11.706,38.429,7.6145,2.1921,DevOps,0.010032558
13-05-2024,VM,southeastasia,AWS,8.0124,49.5411,7.7627,3.3954,QA,0.0094642622
13-05-2024,Database,eastus,AWS,7.4635,174.6092,4.1226,1.4616,DevOps,0.0059645184
13-05-2024,VM,westeurope,AWS,8.0737,64.5079,7.6162,2.9613,Data,0.0093599558
13-05-2024,Storage,eastus,Azure,0.6171,931.676,1.0606,3.6566,QA,0.003047372
14-05-2024,Database,eastus,AWS,5.7005,148.7848,5.4869,3.4406,QA,0.0069245696
14-05-2024,Networking,westeurope,Azure,1.9369,12.535,26.5316,3.8848,Engineering,0.026944050000000004
14-05-2024,VM,eastus,AWS,17.4705,48.2157,4.4937,2.648,QA,0.0080842314
14-05-2024,Networking,westeurope,Azure,1.6758,12.9314,41.2019,6.6544,DevOps,0.0415629228
14-05-2024,Networking,eastus,AWS,1.6035,11.0312,34.0271,3.8903,DevOps,0.0343698624
14-05-2024,VM,eastus,AWS,11.0763,49.4271,7.646,2.0171,DevOps,0.0099601142
15-05-2024,Storage,southeastasia,Azure,0.4236,860.538,1.0622,2.3552,Engineering,0.0028679960000000003
15-05-2024,Networking,eastus,Azure,1.4103,11.6099,25.0787,3.4294,Data,0.0253839798
15-05-2024,VM,westeurope,AWS,12.4929,66.4717,9.1832,3.4051,Engineering,0.0118147234
16-05-2024,Networking,southeastasia,AWS,1.9712,10.3244,35.1811,4.7408,Data,0.0355959888
16-05-2024,VM,eastus,Azure,12.7723,42.7193,9.9267,3.7645,DevOps,0.0125665986
16-05-2024,Networking,eastus,Azure,3.4483,9.1846,23.1411,3.0541,Engineering,0.023849129200000003
16-05-2024,VM,eastus,Azure,12.2364,51.2552,11.6535,3.4817,Engineering,0.014203290399999999
17-05-2024,Database,eastus,Azure,6.1151,176.6272,5.3049,3.0986,DevOps,0.0068811744000000005
17-05-2024,VM,westeurope,Azure,11.5828,59.0382,6.9382,4.1089,Engineering,0.0093728364
17-05-2024,VM,eastus,AWS,10.9765,42.0868,8.303,2.5307,Data,0.010582473600000001
17-05-2024,VM,eastus,AWS,10.2442,40.6973,8.7048,4.193,DevOps,0.010835034600000001
17-05-2024,Networking,eastus,AWS,1.9664,10.0665,14.2886,3.8324,Engineering,0.014702013
17-05-2024,Database,southeastasia,AWS,5.4054,194.931,2.4182,2.86,DevOps,0.0038891420000000004
18-05-2024,Storage,eastus,Azure,0.1855,819.3061,0.4464,2.5059,DevOps,0.0021221122
18-05-2024,Storage,eastus,AWS,0.5239,817.6822,1.1105,3.0381,Data,0.0028506444000000004
18-05-2024,Storage,eastus,AWS,0.14,746.0262,1.092,2.2924,Engineering,0.0026120524000000003
18-05-2024,Storage,eastus,AWS,0.4158,620.2624,1.3628,2.6892,Engineering,0.0026864847999999997
19-05-2024,Storage,southeastasia,Azure,0.2625,1006.2088,0.0,1.37,Data,0.0020649176
19-05-2024,Storage,eastus,AWS,0.1635,816.2406,1.5967,1.6857,Engineering,0.0032618812
19-05-2024,VM,eastus,Azure,9.138,42.7287,3.8063,2.9378,Data,0.0057193574
19-05-2024,Database,southeastasia,Azure,2.6888,187.8691,1.4706,3.2629,Engineering,0.0023840982
19-05-2024,Storage,southeastasia,Azure,0.1209,691.676,1.5682,2.775,Engineering,0.002975732
20-05-2024,Storage,eastus,Azure,0.2826,673.7024,2.4514,2.5363,Data,0.0038553248000000005
20-05-2024,Storage,eastus,Azure,0.5449,636.3749,2.2516,1.4592,DevOps,0.0036333298
20-05-2024,VM,westeurope,Azure,16.44,48.5796,9.6193,3.0377,QA,0.013004459200000002
20-05-2024,Database,southeastasia,Azure,5.7607,225.0746,6.568,2.3075,DevOps,0.0081702892
20-05-2024,VM,eastus,Azure,11.9861,52.7811,8.9365,3.1727,Engineering,0.011439282200000001
21-05-2024,Storage,southeastasia,Azure,0.5761,637.1677,2.1339,1.4629,Engineering,0.0035234554
21-05-2024,Database,southeastasia,Azure,5.6812,235.3685,5.8951,1.7121,Engineering,0.007502077
21-05-2024,Networking,westeurope,AWS,0.9882,11.7245,32.6692,3.5404,Engineering,0.032890288999999996
21-05-2024,VM,westeurope,Azure,15.284,37.1851,9.793,3.5954,Engineering,0.0129241702
22-05-2024,Networking,southeastasia,Azure,2.6993,8.3554,39.8512,6.1207,Engineering,0.0404077708
22-05-2024,Storage,eastus,AWS,0.6227,602.4891,2.6534,1.4076,Engineering,0.0039829182
22-05-2024,Networking,southeastasia,Azure,1.6506,9.8528,31.9883,3.5136,Data,0.032338125599999996
22-05-2024,Storage,eastus,Azure,0.582,882.832,2.3305,1.5347,Engineering,0.004212564
22-05-2024,Storage,eastus,Azure,0.3397,719.2053,1.6156,3.0974,QA,0.0031219506000000003
23-05-2024,VM,eastus,Azure,9.5845,58.0764,2.7928,3.7162,Data,0.0048258528000000005
23-05-2024,VM,eastus,AWS,8.4174,52.3571,7.5502,2.2879,Data,0.0093383942
23-05-2024,Database,eastus,Azure,6.9866,197.914,3.2195,1.7476,QA,0.005012648
23-05-2024,VM,eastus,AWS,15.1734,60.1894,7.15,2.2714,Engineering,0.010305058800000001
23-05-2024,VM,westeurope,AWS,10.5369,58.0575,9.1914,3.5703,Engineering,0.011414895000000001
24-05-2024,VM,eastus,AWS,18.2252,53.1716,1.3419,1.8878,Engineering,0.005093283200000001
24-05-2024,Storage,eastus,AWS,0.7431,758.5438,1.7176,3.4894,Engineering,0.0033833076000000005
24-05-2024,VM,eastus,Azure,10.9502,45.4123,0.9532,1.6906,DevOps,0.0032340646000000002
24-05-2024,VM,westeurope,AWS,13.9115,39.9635,10.5496,2.8264,Data,0.013411827
24-05-2024,VM,eastus,AWS,11.7801,54.8549,10.5069,2.802,Engineering,0.0129726298
24-05-2024,Storage,eastus,Azure,0.6024,818.9549,3.0385,2.0222,QA,0.0047968898
25-05-2024,Storage,westeurope,AWS,0.1956,728.4306,0.8205,1.821,QA,0.0023164812
25-05-2024,Networking,eastus,AWS,1.214,10.1563,4.3181,3.4201,Engineering,0.0045812126000000005
25-05-2024,Networking,eastus,AWS,1.0508,10.3142,6.1392,3.4328,Engineering,0.0063699884
25-05-2024,Storage,southeastasia,AWS,0.2038,865.6763,1.8184,1.5139,DevOps,0.0035905126
25-05-2024,VM,westeurope,Azure,3.0636,47.9184,7.0991,3.3137,Data,0.0078076568
25-05-2024,Storage,southeastasia,AWS,0.1545,1019.7947,0.56,3.1798,Data,0.0026304894000000003
26-05-2024,Storage,southeastasia,Azure,0.2163,912.7609,1.7457,2.2257,Engineering,0.0036144818000000004
26-05-2024,VM,westeurope,Azure,10.2546,30.3553,5.5235,3.3787,Data,0.007635130600000001
26-05-2024,VM,southeastasia,AWS,4.9169,41.3368,2.9922,1.9163,QA,0.0040582536
26-05-2024,Storage,eastus,Azure,0.2183,807.2309,0.8274,3.4831,Data,0.0024855218000000004
26-05-2024,Networking,westeurope,AWS,1.2651,11.0596,11.3987,3.8562,Engineering,0.0116738392
26-05-2024,VM,westeurope,Azure,9.267,46.1109,1.4176,3.445,Data,0.0033632218
27-05-2024,Storage,eastus,AWS,0.1242,690.7471,3.2643,3.2743,Engineering,0.0046706342
27-05-2024,VM,eastus,AWS,10.075,62.4901,5.9452,4.028,QA,0.0080851802
27-05-2024,Networking,eastus,Azure,2.0178,8.113,36.5844,5.6896,Engineering,0.037004186
27-05-2024,Networking,westeurope,Azure,1.8843,9.1354,43.2393,6.2008,QA,0.0436344308
28-05-2024,Networking,westeurope,AWS,1.6503,9.6943,35.8239,4.0699,Engineering,0.03617334860000001
28-05-2024,Networking,eastus,AWS,1.8633,11.5959,32.8035,5.7982,QA,0.0331993518
28-05-2024,Storage,eastus,AWS,0.3893,807.6624,1.317,1.3492,DevOps,0.0030101848000000002
28-05-2024,VM,westeurope,Azure,13.8124,45.8926,8.5272,4.3861,Engineering,0.011381465200000001
29-05-2024,VM,southeastasia,AWS,7.5643,67.9128,10.8422,3.5038,Engineering,0.0124908856
29-05-2024,VM,southeastasia,AWS,12.1129,47.9487,8.4768,3.9377,Engineering,0.010995277400000001
29-05-2024,VM,westeurope,AWS,13.5526,51.5795,6.8277,3.0626,Data,0.009641379
30-05-2024,VM,eastus,Azure,10.9246,53.3721,6.1945,3.2305,Data,0.0084861642
30-05-2024,Networking,westeurope,AWS,2.0974,10.4343,21.8923,4.915,Engineering,0.0223326486
30-05-2024,VM,westeurope,Azure,15.0598,54.1103,5.8808,1.7952,Data,0.0090009806
30-05-2024,Database,southeastasia,Azure,4.4393,172.1457,4.8163,1.3183,Engineering,0.0060484514
30-05-2024,Storage,southeastasia,Azure,0.4658,741.349,2.6645,3.3362,DevOps,0.004240358
30-05-2024,VM,eastus,AWS,9.7279,42.4344,7.6921,2.8249,Engineering,0.009722548800000001
31-05-2024,VM,westeurope,Azure,13.9368,50.1454,2.4312,3.5467,QA,0.0053188508
31-05-2024,Storage,eastus,AWS,0.5978,759.3044,2.7001,2.1871,DevOps,0.0043382687999999996
31-05-2024,Storage,westeurope,AWS,0.2387,779.569,1.8406,3.648,DevOps,0.003447478
01-06-2024,Networking,eastus,AWS,1.0001,11.1019,18.3221,2.9314,Engineering,0.0185443238
01-06-2024,VM,eastus,Azure,4.7003,45.6059,0.0,2.5881,Engineering,0.0010312718000000001
01-06-2024,VM,westeurope,AWS,7.1404,57.5099,1.6924,3.4024,Data,0.0032354998
01-06-2024,Database,westeurope,AWS,2.1482,216.8215,2.0796,1.429,DevOps,0.0029428830000000003
01-06-2024,VM,eastus,AWS,10.9939,61.8006,5.3395,2.3595,Engineering,0.007661881200000001
02-06-2024,Storage,eastus,Azure,0.2527,817.4382,1.0303,1.9817,DevOps,0.0027157164
02-06-2024,VM,eastus,AWS,11.6694,43.9522,4.1817,1.5153,DevOps,0.0066034844
02-06-2024,VM,eastus,Azure,6.7309,60.5265,2.0503,3.2438,Data,0.003517533
02-06-2024,Networking,eastus,AWS,1.0565,10.7965,16.3399,3.479,Data,0.016572793000000002
02-06-2024,Storage,eastus,AWS,0.2154,849.8661,0.8344,1.9899,Engineering,0.0025772122000000002
02-06-2024,VM,eastus,AWS,8.0062,51.4319,3.9128,1.4157,Data,0.0056169038
03-06-2024,VM,eastus,AWS,6.465,55.8919,8.1497,2.8344,Engineering,0.0095544838
03-06-2024,VM,eastus,AWS,17.3853,44.6315,7.4141,2.6781,Engineering,0.010980423000000001
03-06-2024,VM,eastus,AWS,12.1606,57.2871,10.0794,4.3514,QA,0.0126260942
03-06-2024,Storage,eastus,Azure,0.4038,840.1352,2.4052,1.9888,DevOps,0.0041662304
04-06-2024,Networking,southeastasia,AWS,1.4863,9.4401,35.8007,4.2766,Engineering,0.0361168402
04-06-2024,VM,eastus,Azure,14.7847,59.9906,3.5335,3.852,Engineering,0.006610421200000001
04-06-2024,Storage,eastus,AWS,0.6689,955.1294,2.9982,3.4265,DevOps,0.0050422388
04-06-2024,Storage,eastus,Azure,0.5382,791.0012,1.4855,1.7009,DevOps,0.0031751424000000003
04-06-2024,VM,eastus,AWS,16.6034,58.4178,6.8966,2.2636,Data,0.0103341156
04-06-2024,Database,eastus,Azure,6.8151,211.6751,5.0011,1.6829,DevOps,0.006787470200000001
05-06-2024,Database,southeastasia,Azure,7.8529,194.7819,7.0978,3.7888,DevOps,0.0090579438
05-06-2024,Storage,southeastasia,AWS,0.6996,679.26,0.739,1.4749,Engineering,0.00223744
05-06-2024,VM,westeurope,AWS,8.7691,57.7691,10.9086,2.8763,Engineering,0.012777958200000002
05-06-2024,VM,westeurope,AWS,15.0943,51.7646,5.1046,2.9834,Data,0.0082269892
05-06-2024,VM,eastus,Azure,11.8752,57.5098,5.8022,2.4918,DevOps,0.0082922596
05-06-2024,VM,westeurope,AWS,15.4189,58.5776,10.4443,3.125,Engineering,0.013645235200000001
06-06-2024,VM,eastus,AWS,9.3676,31.9659,8.7504,3.0335,QA,0.0106878518
06-06-2024,VM,westeurope,AWS,17.3474,36.5327,7.2078,2.628,Engineering,0.0107503454
06-06-2024,Storage,westeurope,Azure,0.4784,760.8005,2.0343,3.0637,Data,0.0036515810000000005
06-06-2024,VM,westeurope,AWS,12.8545,34.2144,12.9012,4.6669,Data,0.0155405288
06-06-2024,Networking,eastus,AWS,0.7642,7.4863,13.5643,2.1739,Engineering,0.013732112599999999
06-06-2024,Storage,southeastasia,Azure,0.6309,887.7201,2.3231,3.8396,Engineering,0.0042247202000000005
07-06-2024,Networking,eastus,Azure,2.0022,8.5524,33.2317,4.7009,DevOps,0.0336492448
07-06-2024,Storage,southeastasia,AWS,0.7165,545.959,2.2257,3.5538,QA,0.0034609179999999995
07-06-2024,Networking,westeurope,AWS,2.6709,11.5626,22.4137,3.175,Data,0.0229710052
08-06-2024,Storage,eastus,AWS,0.3816,707.3102,1.5337,2.6756,Data,0.0030246404
08-06-2024,Networking,southeastasia,Azure,1.3672,12.2171,6.0577,1.4355,Data,0.0063555742
08-06-2024,Storage,eastus,AWS,0.317,810.3716,0.7455,2.5516,DevOps,0.0024296431999999996
08-06-2024,Database,eastus,AWS,0.8689,178.8268,0.4121,0.8186,Data,0.0009435336000000001
08-06-2024,VM,eastus,Azure,12.3123,56.0477,2.5588,1.5026,QA,0.005133355400000001
09-06-2024,Networking,westeurope,AWS,1.2391,11.1954,27.5671,3.9486,DevOps,0.0278373108
09-06-2024,Storage,southeastasia,AWS,0.4571,796.5969,0.693,1.3595,Engineering,0.0023776138
09-06-2024,Networking,eastus,AWS,0.8142,9.689,23.2352,3.0007,Data,0.023417418000000002
09-06-2024,Storage,southeastasia,Azure,0.1404,913.821,0.0,2.0795,QA,0.0018557220000000002
10-06-2024,VM,westeurope,Azure,13.3846,38.1333,8.1205,4.0159,DevOps,0.0108736866
10-06-2024,Networking,southeastasia,AWS,2.3161,9.0659,26.1759,5.078,Engineering,0.0266572518
10-06-2024,Storage,southeastasia,Azure,0.6323,785.0857,1.8732,2.9741,Engineering,0.0035698314
11-06-2024,VM,westeurope,Azure,6.1991,55.2257,8.9779,3.3888,QA,0.0103281714
11-06-2024,Networking,eastus,Azure,2.0081,9.7333,12.0465,2.4245,DevOps,0.0124675866
11-06-2024,VM,eastus,AWS,12.703,57.1582,4.4346,3.2439,Data,0.007089516399999999
12-06-2024,VM,westeurope,Azure,16.9745,61.6535,3.2118,1.6658,Engineering,0.0067300070000000005
12-06-2024,VM,southeastasia,AWS,11.3981,52.7563,10.497,4.2366,DevOps,0.012882132599999999
12-06-2024,Database,westeurope,AWS,3.0674,175.9427,1.3175,1.0236,DevOps,0.0022828654
12-06-2024,VM,westeurope,AWS,15.0883,47.4733,5.9686,2.0916,Engineering,0.0090812066
12-06-2024,VM,southeastasia,Azure,14.777,37.1813,10.9514,4.2412,Data,0.0139811626
12-06-2024,Storage,eastus,AWS,0.4781,847.9181,2.2162,1.992,Data,0.0040076562
13-06-2024,Networking,westeurope,Azure,2.2521,7.9846,26.8752,3.7973,Data,0.0273415892
13-06-2024,Storage,westeurope,Azure,0.4743,731.3114,1.7544,3.2858,DevOps,0.0033118827999999998
13-06-2024,Storage,southeastasia,Azure,0.7011,1067.9833,1.4676,2.1242,Engineering,0.0037437866
13-06-2024,Storage,westeurope,AWS,0.4305,832.1524,0.963,3.0563,Data,0.0027134048
14-06-2024,Networking,southeastasia,AWS,1.991,8.5513,25.1528,3.4643,QA,0.0255681026
14-06-2024,Storage,eastus,AWS,0.5765,592.9191,0.8152,2.9217,Engineering,0.0021163382
14-06-2024,Database,westeurope,AWS,4.8764,232.7632,4.1781,1.9044,DevOps,0.0056189064
14-06-2024,VM,eastus,Azure,13.083,37.9162,13.0746,2.9167,Data,0.015767032400000002
15-06-2024,VM,westeurope,AWS,8.3255,57.8109,1.2133,1.5726,Data,0.0029940218
15-06-2024,Networking,southeastasia,AWS,1.1254,7.2671,7.1536,2.7285,Engineering,0.0073932142000000005
15-06-2024,VM,eastus,AWS,11.2693,46.389,0.6321,3.2615,Engineering,0.002978738
15-06-2024,Networking,eastus,AWS,1.1881,6.8046,1.9502,1.0639,Engineering,0.0022014292
15-06-2024,VM,eastus,Azure,6.253,68.1904,1.9982,3.2494,Engineering,0.0033851808
16-06-2024,Networking,eastus,Azure,0.8717,9.6095,1.4096,3.0097,Engineering,0.001603159
16-06-2024,VM,eastus,Azure,6.5384,51.3138,1.6833,3.1593,QA,0.0030936076
16-06-2024,Storage,southeastasia,Azure,0.3594,590.3725,0.6767,1.0344,Engineering,0.001929325
16-06-2024,Storage,southeastasia,Azure,0.2681,679.3376,0.4143,1.4704,QA,0.0018265952
16-06-2024,VM,eastus,Azure,6.1584,55.781,1.4708,2.0453,QA,0.002814042
17-06-2024,VM,eastus,AWS,13.2834,48.3469,5.4099,3.0424,Data,0.0081632738
17-06-2024,Storage,eastus,AWS,0.2502,971.8309,1.5134,1.6597,DevOps,0.0035071017999999997
17-06-2024,Networking,eastus,AWS,1.8194,9.4453,27.0486,3.2757,QA,0.0274313706
17-06-2024,Storage,westeurope,AWS,0.5723,862.904,1.2331,1.5494,Data,0.003073368
17-06-2024,VM,westeurope,Azure,12.7761,50.3999,6.3935,4.0667,Data,0.009049519800000001
18-06-2024,Database,eastus,AWS,6.075,240.5305,2.7312,1.6203,QA,0.004427261
18-06-2024,Database,southeastasia,AWS,5.4673,161.0109,8.2656,1.8091,Engineering,0.0096810818
18-06-2024,VM,southeastasia,Azure,8.626,39.4171,9.9276,4.1117,DevOps,0.0117316342
18-06-2024,Storage,eastus,Azure,0.5078,702.5042,1.4854,1.6458,QA,0.0029919684000000004
18-06-2024,Storage,southeastasia,AWS,0.3033,616.2158,2.6902,3.3689,Engineering,0.003983291599999999
18-06-2024,Storage,eastus,AWS,0.6098,707.5609,1.6195,2.3812,DevOps,0.0031565817999999997
19-06-2024,VM,southeastasia,AWS,8.8618,65.9077,7.4523,2.9233,DevOps,0.009356475400000001
19-06-2024,Storage,southeastasia,Azure,0.5172,969.0706,3.2017,3.703,Data,0.0052432812
19-06-2024,Storage,westeurope,Azure,0.4745,902.2659,1.6164,2.3029,Engineering,0.0035158318
19-06-2024,Database,eastus,AWS,4.1469,245.6968,6.1698,2.7707,QA,0.007490573600000001
20-06-2024,Storage,southeastasia,AWS,0.6443,1039.9088,2.684,1.6686,Engineering,0.004892677600000001
20-06-2024,Storage,westeurope,Azure,0.4214,766.6984,1.3782,3.6011,Data,0.0029958768
20-06-2024,Storage,eastus,Azure,0.4746,914.8681,1.6503,3.5406,Data,0.0035749562000000003
20-06-2024,Networking,eastus,Azure,1.8133,9.2497,28.4713,4.2735,DevOps,0.028852459400000002
21-06-2024,Storage,southeastasia,Azure,0.7046,694.4243,1.1243,2.4398,Data,0.0026540686
21-06-2024,VM,southeastasia,Azure,17.2208,44.6667,5.7486,2.0673,QA,0.0092820934
21-06-2024,Storage,westeurope,Azure,0.4741,751.7492,1.337,2.1034,Engineering,0.0029353184000000003
21-06-2024,VM,westeurope,AWS,7.9415,41.4249,10.5271,1.9611,DevOps,0.012198249800000002
21-06-2024,Networking,eastus,Azure,1.9617,11.9928,20.673,2.863,DevOps,0.0210893256
22-06-2024,Storage,westeurope,Azure,0.2475,813.2868,1.265,3.1662,Engineering,0.0029410736
22-06-2024,VM,eastus,AWS,5.9472,44.4054,2.4123,1.6628,Engineering,0.0036905508
22-06-2024,Networking,eastus,AWS,1.0084,10.8126,13.0232,3.5979,Data,0.013246505199999998
22-06-2024,Storage,southeastasia,Azure,0.2194,780.7497,2.5005,1.4343,DevOps,0.0041058794
22-06-2024,Database,eastus,AWS,4.571,151.1634,0.4964,2.9703,DevOps,0.0017129267999999999
22-06-2024,VM,eastus,AWS,13.6069,46.3103,7.1873,3.4506,DevOps,0.0100013006
23-06-2024,Storage,eastus,AWS,0.275,1060.8452,0.0,2.3365,QA,0.0021766904
23-06-2024,Storage,eastus,AWS,0.2021,1051.6892,0.3424,1.9525,Data,0.0024861984000000004
23-06-2024,Database,westeurope,AWS,1.2172,194.7599,2.5379,1.5807,Engineering,0.0031708598
24-06-2024,Storage,eastus,Azure,0.6483,984.8389,1.6681,1.6636,Engineering,0.0037674378000000005
24-06-2024,Database,westeurope,AWS,5.6191,234.8104,5.4797,1.5521,Engineering,0.007073140800000001
24-06-2024,VM,southeastasia,AWS,12.3402,53.4425,7.5483,1.8831,Engineering,0.010123225
24-06-2024,VM,southeastasia,AWS,11.6892,48.7326,9.8448,2.4627,DevOps,0.012280105199999999
24-06-2024,Storage,southeastasia,Azure,0.5824,1011.9814,2.6232,2.565,Engineering,0.0047636428000000005
24-06-2024,Storage,eastus,AWS,0.5116,789.8169,2.1043,2.4716,Engineering,0.0037862538
25-06-2024,VM,westeurope,Azure,18.3234,43.8618,8.0263,2.901,QA,0.011778703600000003
25-06-2024,Networking,eastus,AWS,2.1341,13.9765,40.3201,4.9613,DevOps,0.040774872999999996
25-06-2024,Networking,eastus,Azure,1.5493,13.0729,19.788,3.9258,Data,0.0201240058
26-06-2024,Storage,eastus,AWS,0.4657,904.782,1.7654,2.5651,Data,0.003668104
26-06-2024,Database,westeurope,AWS,6.3632,185.371,2.8456,3.1539,Data,0.004488982000000001
26-06-2024,Networking,eastus,Azure,2.0192,6.4176,40.6192,5.4736,Data,0.0410358752
26-06-2024,Storage,eastus,Azure,0.7588,843.1687,1.7008,3.667,Data,0.0035388974
26-06-2024,Database,eastus,AWS,5.1351,177.8612,2.4253,3.0878,Data,0.0038080424000000003
27-06-2024,Database,southeastasia,AWS,3.9425,191.8569,5.2892,1.5809,QA,0.0064614137999999995
27-06-2024,VM,eastus,AWS,16.5971,32.7104,8.3509,3.497,QA,0.0117357408
27-06-2024,VM,westeurope,AWS,15.3894,54.5451,7.1921,2.8474,DevOps,0.0103790702
27-06-2024,VM,westeurope,AWS,12.1924,47.7005,10.1598,2.1762,DevOps,0.012693681
27-06-2024,Storage,westeurope,AWS,0.5675,947.5242,1.8677,3.7453,Engineering,0.0038762484
27-06-2024,Storage,eastus,AWS,0.4175,929.8595,1.786,2.2106,QA,0.003729219
28-06-2024,VM,eastus,AWS,15.7187,39.7394,5.3445,4.1758,Data,0.0085677188
28-06-2024,Storage,eastus,AWS,0.4282,766.2649,2.3476,2.7451,QA,0.0039657698
28-06-2024,VM,eastus,Azure,16.2361,73.1742,8.6725,2.8247,Engineering,0.0120660684
28-06-2024,Database,southeastasia,Azure,5.9732,170.708,4.9321,2.2718,Engineering,0.006468156
28-06-2024,Storage,eastus,AWS,0.3459,915.9853,1.5942,1.4404,Engineering,0.0034953506
29-06-2024,Storage,westeurope,AWS,0.183,831.5618,1.4834,1.8612,Engineering,0.0031831235999999997
29-06-2024,Storage,eastus,AWS,0.2509,897.6089,1.7334,1.9471,DevOps,0.0035787978
29-06-2024,VM,westeurope,Azure,11.0687,50.2664,1.7562,1.5484,Engineering,0.0040704728
29-06-2024,VM,westeurope,Azure,1.5959,65.0716,5.8755,1.1891,DevOps,0.0063248231999999995
30-06-2024,Storage,eastus,Azure,0.3474,883.4453,2.1476,3.5113,QA,0.003983970600000001
30-06-2024,Storage,eastus,AWS,0.0283,932.3861,1.8652,1.6328,Data,0.0037356322
30-06-2024,Storage,eastus,AWS,0.4948,595.3237,0.915,1.4995,Data,0.0022046074
30-06-2024,Database,westeurope,Azure,2.3356,182.0932,0.0,2.3764,Engineering,0.0008313064
30-06-2024,VM,southeastasia,AWS,8.1409,54.9953,5.6143,2.4495,Engineering,0.0073524706
30-06-2024,VM,eastus,Azure,12.5121,52.6876,1.1283,2.303,QA,0.0037360952
01-07-2024,VM,westeurope,AWS,10.754,55.6364,7.5093,3.2753,DevOps,0.0097713728
01-07-2024,Storage,eastus,Azure,0.4796,955.8437,3.5586,3.4117,Engineering,0.0055662074
01-07-2024,VM,southeastasia,Azure,11.1658,40.3383,8.9145,3.1703,Engineering,0.0112283366
01-07-2024,Database,eastus,AWS,6.5293,191.9412,7.2506,3.4971,QA,0.0089403424
01-07-2024,Database,westeurope,Azure,6.5247,189.5629,5.1809,2.5714,DevOps,0.006864965800000001
02-07-2024,Storage,southeastasia,Azure,0.4883,633.0927,1.7106,1.8055,Data,0.0030744454
02-07-2024,Storage,eastus,Azure,0.3251,617.5656,2.2706,2.7288,Engineering,0.0035707511999999997
02-07-2024,VM,southeastasia,AWS,15.0202,31.2661,8.7512,3.2755,QA,0.011817772200000002
02-07-2024,Networking,eastus,Azure,1.5531,9.4181,28.4148,4.1482,Data,0.028744256200000002
03-07-2024,Database,southeastasia,Azure,1.6507,173.1817,5.7864,1.9121,QA,0.006462903400000001
03-07-2024,VM,westeurope,AWS,11.6557,54.0951,9.1615,2.6161,QA,0.011600830200000002
03-07-2024,Networking,eastus,Azure,2.0033,10.2382,38.9219,4.5718,Engineering,0.0393430364
04-07-2024,Database,eastus,AWS,5.1501,225.3752,6.1194,1.6117,Data,0.0076001704
04-07-2024,VM,westeurope,Azure,9.9655,59.2028,4.2066,2.8658,DevOps,0.0063181056
04-07-2024,Storage,westeurope,AWS,0.4635,751.5494,2.744,3.0986,Engineering,0.004339798800000001
04-07-2024,Networking,eastus,AWS,2.0004,10.2049,30.2285,3.7415,Engineering,0.030648989800000002
04-07-2024,VM,westeurope,AWS,12.7709,50.8819,12.1626,3.4088,DevOps,0.0148185438
04-07-2024,Storage,eastus,AWS,0.3781,964.1695,2.0755,3.2829,Data,0.0040794590000000006
05-07-2024,Storage,eastus,AWS,0.6251,742.9117,2.5682,1.5659,Engineering,0.0041790434000000005
05-07-2024,Database,westeurope,Azure,4.6279,157.7847,4.3283,3.564,Engineering,0.005569449399999999
05-07-2024,Storage,westeurope,Azure,0.6182,941.9356,1.9409,2.3838,Engineering,0.0039484112
05-07-2024,VM,southeastasia,Azure,17.6432,50.8328,8.3322,3.0715,Data,0.0119625056
05-07-2024,VM,westeurope,AWS,9.9787,57.7238,9.0458,4.0396,Engineering,0.0111569876
06-07-2024,VM,eastus,AWS,8.8734,39.2348,2.6096,2.3119,QA,0.0044627496000000004
06-07-2024,VM,westeurope,Azure,7.7988,58.2063,5.1496,2.666,Data,0.006825772600000001
06-07-2024,Networking,southeastasia,AWS,0.7693,9.8869,29.9305,4.7463,QA,0.0301041338
07-07-2024,Database,southeastasia,Azure,5.0176,204.1025,0.7172,2.8518,QA,0.002128925
07-07-2024,Storage,eastus,AWS,0.2254,820.185,1.5688,3.3106,DevOps,0.00325425
07-07-2024,Networking,eastus,AWS,1.2993,9.7075,21.6918,3.2696,DevOps,0.021971075
07-07-2024,VM,westeurope,AWS,8.676,47.7735,6.8201,3.4791,DevOps,0.008650847
08-07-2024,Storage,southeastasia,AWS,0.6923,857.6622,3.3926,2.7022,Data,0.0052463844
08-07-2024,VM,westeurope,Azure,13.8104,56.5039,6.8063,1.9997,Engineering,0.0096813878
08-07-2024,Database,eastus,Azure,4.7484,252.1083,3.3919,1.9196,QA,0.0048457966000000005
08-07-2024,Database,westeurope,Azure,7.9535,246.4592,5.4803,2.9074,Engineering,0.0075639183999999995
08-07-2024,Networking,eastus,AWS,1.6171,9.8584,28.7803,5.6392,Engineering,0.029123436800000003
08-07-2024,Storage,southeastasia,AWS,0.5965,780.4756,1.4773,3.5942,DevOps,0.0031575512
09-07-2024,Networking,eastus,Azure,2.4185,9.469,36.388,5.7157,Engineering,0.036890637999999996
09-07-2024,Storage,eastus,Azure,0.8446,687.0231,0.7463,1.2505,Engineering,0.0022892662
09-07-2024,VM,southeastasia,AWS,20.1254,56.059,8.5865,3.7885,Data,0.012723697999999999
09-07-2024,Storage,eastus,AWS,0.5112,802.5408,2.2203,3.3095,Data,0.0039276216
09-07-2024,Networking,westeurope,AWS,1.7825,11.1595,36.323,5.7372,Data,0.036701819000000004
10-07-2024,Storage,eastus,AWS,0.6678,543.3063,1.9124,3.4313,QA,0.0031325726
10-07-2024,VM,westeurope,AWS,17.6766,43.3721,6.1447,2.0293,Engineering,0.0097667642
10-07-2024,VM,southeastasia,AWS,9.3878,52.3705,6.6416,3.7249,Engineering,0.008623901
11-07-2024,Networking,eastus,AWS,0.5904,8.0357,40.1737,5.7111,Data,0.0403078514
11-07-2024,Networking,eastus,Azure,1.1031,12.6767,33.0578,4.9297,QA,0.0333037734
11-07-2024,Database,southeastasia,AWS,3.7841,149.6813,5.2944,1.3623,Data,0.006350582600000001
11-07-2024,Storage,westeurope,AWS,0.4707,787.3054,2.7431,2.4009,QA,0.0044118508
11-07-2024,VM,westeurope,AWS,10.6325,54.3119,4.9332,3.5874,DevOps,0.007168323800000001
11-07-2024,Storage,eastus,Azure,0.5932,895.6519,2.2022,2.4368,Data,0.0041121438
12-07-2024,Networking,eastus,Azure,2.487,9.9051,24.0623,4.1666,Engineering,0.0245795102
12-07-2024,Database,eastus,Azure,3.5922,172.1885,3.3711,2.3668,Engineering,0.004433917000000001
12-07-2024,Networking,eastus,AWS,1.8449,9.8694,46.9189,5.4631,DevOps,0.0473076188
12-07-2024,Database,westeurope,AWS,5.3153,238.5331,6.5658,2.5612,Engineering,0.0081059262
13-07-2024,Storage,westeurope,Azure,0.2973,640.956,0.0,2.6146,DevOps,0.001341372
13-07-2024,VM,eastus,Azure,3.7674,41.5059,2.0525,2.4687,Engineering,0.0028889918
13-07-2024,VM,eastus,Azure,8.0242,42.6255,3.6652,2.1262,Engineering,0.005355291
13-07-2024,Database,southeastasia,AWS,1.8509,217.8029,3.4409,1.9298,Data,0.0042466858
13-07-2024,VM,eastus,Azure,10.5351,55.9762,2.1411,2.7075,DevOps,0.0043600724
14-07-2024,VM,eastus,Azure,9.9306,48.6235,1.0979,3.4171,Engineering,0.003181267
14-07-2024,Networking,westeurope,Azure,1.2284,10.9979,5.8104,1.6396,Engineering,0.006078075799999999
14-07-2024,Storage,westeurope,Azure,0.3632,852.3483,0.2855,1.8816,Data,0.0020628366000000004
14-07-2024,VM,eastus,AWS,9.2362,56.6069,3.7688,1.5871,Engineering,0.0057292538
14-07-2024,Networking,westeurope,AWS,0.2263,11.4677,7.7052,2.9469,QA,0.0077733954
14-07-2024,VM,southeastasia,AWS,9.7709,55.1797,1.3906,3.0671,Data,0.0034551394
15-07-2024,Networking,eastus,Azure,1.6074,8.1987,19.61,4.2112,Engineering,0.019947877399999998
15-07-2024,VM,eastus,Azure,18.7748,51.1342,6.5584,2.9762,DevOps,0.0104156284
15-07-2024,Networking,southeastasia,Azure,2.4045,9.1014,24.0817,3.9321,DevOps,0.024580802800000003
15-07-2024,Database,southeastasia,AWS,6.0738,181.3423,6.2478,2.6719,DevOps,0.0078252446
16-07-2024,VM,eastus,AWS,14.9201,54.6792,4.03,2.207,QA,0.007123378400000001
16-07-2024,Storage,westeurope,Azure,0.3707,550.7456,1.8588,2.2301,Engineering,0.0030344312
16-07-2024,Storage,eastus,AWS,0.6135,860.7705,2.3746,2.8661,DevOps,0.004218841
16-07-2024,VM,eastus,AWS,7.7245,48.058,7.5491,3.2947,Engineering,0.009190116
16-07-2024,Networking,southeastasia,Azure,3.0494,7.9219,30.2634,5.6395,Engineering,0.0308891238
16-07-2024,VM,eastus,AWS,13.294,46.1362,7.6964,3.8691,Data,0.010447472400000001
17-07-2024,Database,eastus,AWS,4.8587,211.2604,1.899,2.9169,Data,0.0032932608000000004
17-07-2024,VM,southeastasia,Azure,11.3661,44.3796,7.2577,2.3885,DevOps,0.0096196792
17-07-2024,Networking,eastus,AWS,1.4669,13.959,26.3552,3.7295,Data,0.026676498000000003
17-07-2024,Storage,westeurope,AWS,0.5401,589.0523,1.0832,1.1655,QA,0.0023693245999999997
17-07-2024,Storage,westeurope,AWS,0.426,948.9872,2.4593,1.9612,Engineering,0.0044424744
18-07-2024,Database,westeurope,AWS,4.277,157.4919,2.4975,3.009,DevOps,0.0036678838
18-07-2024,Database,eastus,AWS,3.7776,159.8159,5.2028,2.3626,Data,0.0062779518
18-07-2024,VM,southeastasia,Azure,11.0213,57.1747,4.6491,2.2117,Data,0.006967709399999999
18-07-2024,VM,westeurope,AWS,9.7019,46.5405,2.5933,3.4182,Engineering,0.004626761
18-07-2024,VM,eastus,AWS,13.0079,58.5564,5.1691,2.3584,Engineering,0.007887792800000001
19-07-2024,Storage,westeurope,AWS,0.4724,689.916,1.7868,3.5795,QA,0.003261112
19-07-2024,Storage,southeastasia,Azure,0.6859,705.3564,2.824,1.5932,QA,0.0043718928
19-07-2024,Networking,southeastasia,Azure,1.7694,10.6249,23.0597,3.0891,QA,0.023434829799999998
19-07-2024,Storage,southeastasia,Azure,0.3471,558.724,2.1837,1.4191,Data,0.003370568
19-07-2024,Storage,eastus,Azure,0.6481,647.563,1.7928,2.8997,Engineering,0.003217546
19-07-2024,VM,westeurope,AWS,17.1079,54.5183,9.3879,3.9983,Engineering,0.012918516600000002
20-07-2024,Storage,eastus,Azure,0.3062,825.0396,1.3409,1.3229,Engineering,0.0030522192
20-07-2024,Networking,eastus,Azure,0.852,12.3269,22.9406,3.4712,Engineering,0.023135653800000003
20-07-2024,VM,eastus,Azure,7.4051,62.7532,0.0,0.9697,Data,0.0016065264
20-07-2024,VM,southeastasia,Azure,2.9595,58.3977,4.6793,2.2112,Engineering,0.0053879954
21-07-2024,Networking,southeastasia,AWS,1.1299,10.1471,26.283,5.003,Data,0.0265292742
21-07-2024,Database,westeurope,AWS,3.7167,257.6548,0.0,1.4766,Engineering,0.0012586496
21-07-2024,VM,westeurope,Azure,9.4331,54.911,4.1174,2.9653,QA,0.006113842
21-07-2024,Database,southeastasia,Azure,3.6176,184.077,0.92,2.2564,Engineering,0.0020116739999999998
22-07-2024,VM,southeastasia,AWS,11.6756,58.3408,9.6447,3.9809,QA,0.0120965016
22-07-2024,Storage,westeurope,AWS,0.6753,441.2728,1.3461,2.9545,QA,0.0023637056
22-07-2024,Networking,westeurope,AWS,3.0715,9.2954,31.4288,3.9764,Data,0.0320616908
23-07-2024,VM,southeastasia,AWS,15.468,60.9344,10.1651,3.831,Data,0.013380568800000003
23-07-2024,Database,southeastasia,AWS,8.9217,192.6076,6.2165,2.8074,Engineering,0.008386055199999999
23-07-2024,VM,eastus,AWS,18.8717,40.4021,5.2202,3.3745,Engineering,0.0090753442
23-07-2024,VM,southeastasia,Azure,8.8385,57.6981,9.4328,3.7342,DevOps,0.0113158962
24-07-2024,Database,westeurope,Azure,5.9418,163.2146,8.295,3.8028,DevOps,0.0098097892
24-07-2024,Database,eastus,Azure,2.6545,256.4241,5.0915,2.2321,Data,0.0061352482
24-07-2024,Storage,southeastasia,AWS,0.2972,844.824,2.8733,3.3223,Data,0.004622388
24-07-2024,VM,westeurope,AWS,9.8816,47.3635,7.3376,3.1403,Engineering,0.009408647000000001
24-07-2024,VM,southeastasia,Azure,10.9828,47.0216,7.9005,3.376,Engineering,0.0101911032
25-07-2024,VM,eastus,Azure,17.431,52.8219,8.4983,4.4217,Data,0.012090143800000001
25-07-2024,Networking,eastus,Azure,2.4259,11.6721,31.8182,5.0858,Engineering,0.032326724200000004
25-07-2024,Database,eastus,AWS,8.4002,228.2509,6.7647,2.9935,Data,0.008901241800000001
25-07-2024,Networking,eastus,AWS,1.9033,8.5953,29.3986,3.5857,Data,0.0297964506
26-07-2024,Storage,eastus,AWS,0.4967,788.5433,1.3331,3.5948,DevOps,0.0030095266000000004
26-07-2024,VM,southeastasia,Azure,10.4523,43.0596,3.7869,2.0771,Data,0.0059634792
26-07-2024,Database,eastus,Azure,4.9573,223.2374,5.2687,2.1031,Engineering,0.0067066348
26-07-2024,VM,westeurope,Azure,8.6105,43.8212,10.8586,3.055,DevOps,0.0126683424
26-07-2024,Storage,eastus,AWS,0.4816,794.4726,1.7639,3.2444,Data,0.0034491652
26-07-2024,Networking,westeurope,Azure,2.7172,10.4271,12.3304,2.0888,Engineering,0.012894694200000001
27-07-2024,Database,westeurope,Azure,4.2912,148.8589,3.9726,3.2173,DevOps,0.0051285578
27-07-2024,Networking,southeastasia,AWS,1.142,10.5607,15.1817,2.8208,QA,0.015431221399999999
27-07-2024,VM,eastus,Azure,7.6737,44.9847,6.2614,1.6643,Data,0.0078861094
27-07-2024,Storage,eastus,AWS,0.1412,773.7552,0.6172,3.6538,QA,0.0021929503999999996
27-07-2024,VM,eastus,Azure,4.5701,46.0337,2.9433,1.8013,Engineering,0.0039493874
27-07-2024,VM,eastus,Azure,9.2096,54.6598,0.0,1.3465,Engineering,0.0019512396000000002
28-07-2024,Storage,southeastasia,Azure,0.3475,545.1209,1.2482,2.3482,Data,0.0024079417999999997
28-07-2024,Networking,eastus,Azure,1.1166,8.2165,30.1001,3.8936,QA,0.030339853
28-07-2024,Storage,southeastasia,AWS,0.1971,944.2318,1.0053,1.3749,QA,0.0029331836000000004
28-07-2024,Storage,eastus,Azure,0.4398,943.8371,0.0274,3.2696,Engineering,0.0020030342
29-07-2024,Database,westeurope,Azure,4.9533,162.8109,2.2437,2.4311,Engineering,0.0035599817999999997
29-07-2024,Storage,eastus,AWS,0.2894,994.0845,2.7283,3.9234,QA,0.004774349000000001
29-07-2024,Storage,eastus,AWS,0.5856,772.7312,2.5145,3.7302,Data,0.0041770824
29-07-2024,Storage,southeastasia,AWS,0.4884,803.5988,3.7765,1.5651,QA,0.0054813776
29-07-2024,VM,eastus,Azure,14.4072,56.2055,7.5033,4.4072,Engineering,0.010497151
30-07-2024,VM,westeurope,AWS,10.2657,48.0649,6.4731,2.6822,Data,0.0086223698
30-07-2024,Networking,eastus,AWS,1.7175,10.6651,30.9118,4.8464,Data,0.0312766302
30-07-2024,Storage,eastus,Azure,0.2843,916.9115,1.2503,2.3956,DevOps,0.003140983
30-07-2024,Database,southeastasia,AWS,5.9827,230.9198,6.6422,2.1122,DevOps,0.0083005796
31-07-2024,Database,southeastasia,Azure,4.791,218.8555,3.2845,2.2551,DevOps,0.004680411000000001
31-07-2024,VM,southeastasia,AWS,11.5194,36.4308,5.5419,2.6449,QA,0.0079186416
31-07-2024,VM,eastus,AWS,11.5786,60.2242,9.4744,3.1564,Engineering,0.0119105684
01-08-2024,VM,westeurope,AWS,10.7655,54.0608,5.413,2.7751,Engineering,0.0076742215999999995
01-08-2024,VM,westeurope,AWS,10.0779,53.1683,6.8811,3.6237,QA,0.0090030166
01-08-2024,VM,eastus,AWS,13.1767,37.6154,9.4221,2.3252,Engineering,0.012132670800000002
02-08-2024,VM,eastus,Azure,11.6483,45.7027,10.3771,2.437,Engineering,0.0127981654
02-08-2024,Storage,eastus,AWS,0.4897,791.9243,2.1539,2.5976,Engineering,0.0038356886000000005
02-08-2024,Storage,eastus,AWS,0.4891,356.4054,2.0451,1.3754,Engineering,0.0028557308
02-08-2024,Networking,eastus,AWS,2.7963,10.4929,21.7024,3.9003,Engineering,0.0222826458
03-08-2024,VM,eastus,AWS,5.0558,59.6904,0.9169,2.6442,DevOps,0.0020474408
03-08-2024,Storage,eastus,Azure,0.254,884.304,0.2005,2.1868,Engineering,0.002019908
03-08-2024,VM,eastus,AWS,10.7135,55.1819,4.0431,1.5251,DevOps,0.0062961638
03-08-2024,Storage,westeurope,Azure,0.4396,827.8514,1.2993,1.3203,Engineering,0.0030429228000000003
04-08-2024,VM,westeurope,Azure,6.1736,50.3137,2.2783,2.2816,DevOps,0.0036136474000000003
04-08-2024,VM,southeastasia,AWS,12.7284,39.7674,3.7361,2.0746,QA,0.0063613148
04-08-2024,Networking,westeurope,Azure,0.7252,9.3313,19.4615,3.4236,DevOps,0.0196252026
04-08-2024,Networking,westeurope,Azure,0.6148,10.3051,18.6848,4.5521,Engineering,0.018828370199999996
05-08-2024,VM,eastus,Azure,10.7213,57.0942,10.5767,2.7877,DevOps,0.012835148400000001
05-08-2024,VM,eastus,Azure,11.1619,49.9737,7.0039,3.1509,QA,0.0093362274
05-08-2024,VM,southeastasia,AWS,9.4809,55.3059,9.8646,3.4021,QA,0.011871391799999999
06-08-2024,Database,westeurope,AWS,3.9995,190.5493,7.239,1.7658,Engineering,0.008419998599999999
06-08-2024,Database,southeastasia,Azure,6.9897,233.3038,5.4431,2.3965,Data,0.0073076476
06-08-2024,VM,eastus,Azure,10.6512,47.1877,5.5344,3.435,Engineering,0.0077590153999999995
06-08-2024,Database,eastus,AWS,8.153,174.3876,3.9488,3.4439,DevOps,0.0059281752
06-08-2024,Database,westeurope,AWS,6.7726,180.538,5.6605,1.5394,Engineering,0.007376096
07-08-2024,Database,westeurope,Azure,6.4815,116.4378,6.6473,1.5278,Engineering,0.0081764756
07-08-2024,Storage,westeurope,Azure,0.4111,814.0549,2.1417,2.024,DevOps,0.0038520298
07-08-2024,VM,eastus,Azure,9.1825,56.5647,11.2209,2.8261,Engineering,0.0131705294
07-08-2024,Networking,westeurope,Azure,2.2794,9.7653,33.0863,4.2251,Data,0.033561710599999996
08-08-2024,Networking,westeurope,Azure,2.6217,11.5058,11.866,1.8209,Engineering,0.0124133516
08-08-2024,Networking,southeastasia,AWS,1.8358,10.865,42.0176,5.8746,DevOps,0.042406490000000005
08-08-2024,VM,westeurope,Azure,9.1779,50.5931,8.0533,3.724,Engineering,0.009990066200000002
08-08-2024,VM,eastus,AWS,15.2524,52.7629,4.2532,1.7097,Engineering,0.007409205799999999
09-08-2024,Networking,eastus,Azure,1.7675,9.4332,27.3168,3.1256,DevOps,0.027689166400000003
09-08-2024,VM,westeurope,Azure,7.0428,51.4509,11.1437,1.9824,Data,0.012655161800000002
09-08-2024,VM,westeurope,Azure,9.8543,44.7937,8.9864,2.798,QA,0.0110468474
09-08-2024,Storage,eastus,AWS,0.5659,837.1672,2.2855,2.4319,Data,0.0040730144
10-08-2024,Networking,southeastasia,Azure,1.7118,11.2833,20.9223,3.5766,Data,0.0212872266
10-08-2024,Networking,westeurope,Azure,1.5913,9.8242,11.006,1.6612,DevOps,0.0113439084
10-08-2024,VM,westeurope,Azure,9.792,49.2286,4.2038,3.315,Engineering,0.0062606572
10-08-2024,Storage,eastus,AWS,0.4697,869.1512,0.8803,3.2673,Engineering,0.0027125424
11-08-2024,VM,westeurope,Azure,1.0041,65.9122,3.3204,2.4046,Data,0.0036530444
11-08-2024,Database,southeastasia,Azure,0.5624,262.6324,1.8605,3.1335,QA,0.0024982448000000004
11-08-2024,VM,southeastasia,AWS,7.619,50.4877,5.9519,2.7421,Data,0.007576675400000001
11-08-2024,VM,westeurope,Azure,4.6684,48.3974,0.0,2.3046,DevOps,0.0010304748
12-08-2024,Storage,westeurope,AWS,0.3604,1022.3117,1.5601,3.5268,Engineering,0.0036768034
12-08-2024,Networking,eastus,Azure,2.0068,7.9145,39.2957,5.7793,DevOps,0.039712888999999994
12-08-2024,VM,eastus,AWS,8.6318,45.0115,3.6877,2.618,Data,0.005504083
12-08-2024,VM,eastus,AWS,11.9166,60.2837,11.9552,3.5593,Data,0.014459087399999999
12-08-2024,Storage,southeastasia,AWS,0.4429,749.1441,2.3234,2.4534,Engineering,0.0039102682
12-08-2024,Database,eastus,AWS,4.5008,196.5338,6.9038,2.8746,QA,0.0081970276
13-08-2024,Networking,southeastasia,AWS,2.0418,10.3234,35.6985,4.9261,DevOps,0.0361275068
13-08-2024,Storage,eastus,Azure,0.5125,1038.036,2.0071,3.4808,Engineering,0.004185672
13-08-2024,Storage,southeastasia,Azure,0.4594,792.0126,2.2601,3.6097,Engineering,0.0039360052
13-08-2024,Networking,eastus,AWS,0.9972,7.4235,32.1253,5.6935,Data,0.032339587
14-08-2024,Storage,westeurope,AWS,0.4031,886.5903,2.2261,2.246,Engineering,0.0040799006
14-08-2024,VM,eastus,AWS,8.8746,41.4484,8.1024,2.2794,DevOps,0.0099602168
14-08-2024,Storage,eastus,AWS,0.4572,939.2353,2.389,1.9978,Data,0.0043589106
14-08-2024,Networking,westeurope,AWS,2.1867,8.6683,22.2629,4.5459,QA,0.022717576599999997
14-08-2024,Storage,eastus,AWS,0.5413,970.3725,1.9442,1.994,DevOps,0.003993205
15-08-2024,Storage,westeurope,AWS,0.5292,649.8076,1.4133,2.5038,DevOps,0.0028187552
15-08-2024,VM,eastus,AWS,10.6336,51.8372,9.1391,3.4,QA,0.0113694944
15-08-2024,Networking,eastus,AWS,2.3538,12.6749,50.4528,6.5761,Data,0.050948909800000004
15-08-2024,Database,southeastasia,Azure,5.9451,147.8659,5.0271,3.2213,DevOps,0.006511851799999999
15-08-2024,VM,eastus,Azure,15.632,40.2913,6.036,2.6991,Engineering,0.0092429826
15-08-2024,Networking,eastus,Azure,1.7486,11.7683,41.8005,4.8791,Engineering,0.0421737566
16-08-2024,Storage,southeastasia,AWS,0.608,660.161,1.0934,3.3997,Engineering,0.0025353219999999996
16-08-2024,Storage,eastus,AWS,0.5417,655.3111,1.3761,2.887,DevOps,0.0027950622
16-08-2024,VM,eastus,Azure,10.329,56.5854,8.2904,3.2501,Engineering,0.010469370799999999
17-08-2024,Database,westeurope,AWS,6.4208,160.7667,1.9823,1.822,DevOps,0.0035879934000000004
17-08-2024,Storage,westeurope,Azure,0.4759,848.9372,1.4897,2.3314,DevOps,0.0032827544
17-08-2024,Database,eastus,AWS,2.0121,143.7498,4.27,2.4283,Engineering,0.0049599195999999995
17-08-2024,Database,southeastasia,AWS,4.5496,202.0781,1.3438,1.0145,Data,0.0026578762
18-08-2024,Storage,eastus,AWS,0.4793,845.2333,0.7883,1.2695,Engineering,0.0025746266
18-08-2024,VM,eastus,AWS,7.5854,45.5552,4.6101,1.4455,Engineering,0.0062182904
18-08-2024,VM,eastus,Azure,5.6381,46.0642,4.9491,3.3367,Data,0.0061688483999999995
18-08-2024,VM,eastus,Azure,5.1577,50.6805,4.8251,2.1063,Engineering,0.005958000999999999
18-08-2024,Networking,southeastasia,AWS,1.1082,8.7008,19.5658,2.6925,Data,0.0198048416
19-08-2024,VM,eastus,AWS,10.183,49.7597,5.1657,2.6132,Engineering,0.0073018194
19-08-2024,Storage,eastus,AWS,0.356,717.2955,1.1587,3.3495,QA,0.0026644909999999997
19-08-2024,Networking,eastus,Azure,1.9523,12.5955,9.7897,2.647,Engineering,0.010205351
19-08-2024,Networking,southeastasia,AWS,2.0977,9.4596,35.6028,4.0771,QA,0.0360412592
19-08-2024,VM,eastus,Azure,12.7519,56.0643,7.3655,3.0713,DevOps,0.0100280086
19-08-2024,VM,eastus,AWS,9.6774,46.8389,0.2815,2.095,Data,0.0023106578000000005
20-08-2024,Storage,westeurope,AWS,0.5044,845.02,1.6061,3.713,QA,0.00339702
20-08-2024,VM,eastus,Azure,12.3932,55.298,4.9379,2.2719,Engineering,0.007527136
20-08-2024,VM,eastus,AWS,10.4234,56.0797,6.6429,4.0885,QA,0.008839739400000001
20-08-2024,VM,eastus,Azure,5.4691,46.6468,6.6447,1.9605,QA,0.007831813600000001
20-08-2024,VM,westeurope,Azure,9.9624,42.9649,6.7474,1.7286,Data,0.0088258098
21-08-2024,VM,eastus,AWS,13.3172,55.9619,11.2379,3.8067,QA,0.0140132638
21-08-2024,Networking,eastus,AWS,2.5919,10.4633,31.8754,4.8363,DevOps,0.032414706599999996
21-08-2024,VM,eastus,Azure,10.5978,59.8534,7.9629,2.7766,QA,0.0102021668
22-08-2024,VM,eastus,Azure,9.6365,53.6771,6.4126,3.9631,Engineering,0.0084472542
22-08-2024,Storage,eastus,AWS,0.4403,714.5769,1.9219,2.5188,Engineering,0.0034391138
22-08-2024,Storage,westeurope,Azure,0.5924,692.3871,1.5255,3.4834,Data,0.0030287542000000003
22-08-2024,VM,eastus,AWS,13.4225,61.092,8.2465,2.5029,QA,0.011053183999999999
22-08-2024,Storage,eastus,Azure,0.4229,745.3944,1.9383,2.2768,Engineering,0.0035136688
23-08-2024,VM,southeastasia,Azure,15.4155,50.8687,8.5486,2.5245,DevOps,0.0117334374
23-08-2024,Storage,eastus,AWS,0.3034,673.6943,2.5966,1.3837,DevOps,0.0040046686000000005
23-08-2024,VM,eastus,Azure,12.7642,40.6731,10.3005,2.5682,Engineering,0.0129346862
23-08-2024,Database,eastus,AWS,6.3532,89.349,3.7885,2.1554,Engineering,0.005237838
23-08-2024,Networking,westeurope,AWS,1.8042,9.0348,21.8479,2.9646,Data,0.0222268096
24-08-2024,Storage,westeurope,Azure,0.2817,832.9799,1.5966,2.1937,Engineering,0.0033188998000000004
24-08-2024,Storage,eastus,AWS,0.2666,577.6352,1.8177,2.5636,Data,0.0030262904
24-08-2024,Storage,westeurope,Azure,0.1639,772.7175,2.5628,2.5222,Data,0.0041410150000000005
24-08-2024,VM,westeurope,AWS,8.3866,32.2541,1.5522,1.7081,QA,0.0032940282
25-08-2024,Networking,southeastasia,AWS,1.0788,11.7237,1.2956,2.5361,Engineering,0.0015348074000000001
25-08-2024,Storage,southeastasia,Azure,0.3368,907.1826,1.3851,2.2016,Engineering,0.0032668252
25-08-2024,VM,eastus,AWS,3.2076,51.7568,2.9881,1.5287,Engineering,0.0037331336000000007
26-08-2024,Storage,eastus,Azure,0.5782,946.6182,2.323,1.7942,Engineering,0.0043318764
26-08-2024,Storage,westeurope,AWS,0.5821,564.9991,1.3744,2.2287,Engineering,0.0026208182
26-08-2024,VM,southeastasia,AWS,12.6379,62.3405,6.755,3.0375,DevOps,0.009407261
27-08-2024,VM,westeurope,AWS,13.3347,56.3804,10.1405,4.0771,Engineering,0.0129202008
27-08-2024,VM,eastus,Azure,8.6601,49.8482,5.6526,3.3838,Engineering,0.0074843164
27-08-2024,VM,eastus,AWS,12.9982,40.0014,7.4064,3.4063,QA,0.0100860428
28-08-2024,Networking,eastus,AWS,2.1666,8.7843,24.7019,4.5372,DevOps,0.0251527886
28-08-2024,Storage,westeurope,AWS,0.3872,775.2942,1.627,1.4983,Engineering,0.0032550284000000002
28-08-2024,Networking,westeurope,AWS,1.9526,10.1322,28.7297,4.6486,Engineering,0.0291404844
29-08-2024,VM,westeurope,Azure,10.4088,55.4736,11.3406,4.5288,DevOps,0.0135333072
29-08-2024,Storage,westeurope,Azure,0.4212,976.1421,1.9818,2.6362,Engineering,0.0040183242
29-08-2024,Storage,westeurope,Azure,0.6026,690.6188,2.2055,3.7359,Data,0.0037072576
29-08-2024,VM,westeurope,AWS,12.8902,47.1042,10.4365,3.5719,Data,0.013108748400000002
29-08-2024,Storage,westeurope,Azure,0.6341,826.2334,1.5059,2.7008,Engineering,0.0032851868
30-08-2024,VM,eastus,AWS,11.8909,56.2748,11.1902,2.9588,Data,0.0136809296
30-08-2024,Storage,westeurope,Azure,0.4075,829.7125,2.764,3.8154,Data,0.004504925
31-08-2024,VM,westeurope,Azure,5.4631,43.2772,2.9231,3.0881,DevOps,0.0041022744
31-08-2024,Networking,westeurope,AWS,1.3171,11.4032,19.5748,2.4377,DevOps,0.0198610264
31-08-2024,VM,eastus,AWS,6.6192,55.5844,5.5407,1.6014,Data,0.0069757088
31-08-2024,Storage,eastus,Azure,0.2662,598.2926,0.7001,3.2092,Engineering,0.0019499251999999998
31-08-2024,Storage,westeurope,AWS,0.2187,760.8023,2.2015,3.4782,Engineering,0.0037668446
31-08-2024,Networking,southeastasia,AWS,1.0462,8.1042,23.7122,3.3243,Engineering,0.0239376484
01-09-2024,VM,southeastasia,AWS,7.3654,55.8478,6.7627,2.6121,Data,0.0083474756
01-09-2024,VM,westeurope,Azure,5.4985,53.9689,4.959,1.2521,DevOps,0.0061666378
02-09-2024,Storage,eastus,AWS,0.5313,816.9915,2.2852,2.2423,DevOps,0.004025443
02-09-2024,Storage,eastus,Azure,0.2632,875.5565,1.8754,2.1655,QA,0.003679153
02-09-2024,Storage,southeastasia,AWS,0.6652,639.185,1.7086,2.1098,QA,0.0031200100000000003
03-09-2024,VM,southeastasia,Azure,13.2312,48.7184,6.7598,3.6883,QA,0.0095034768
03-09-2024,Networking,westeurope,AWS,1.9238,8.1715,46.4364,6.1784,Engineering,0.046837503
03-09-2024,Storage,southeastasia,Azure,0.5174,879.5161,1.3667,2.7706,DevOps,0.0032292122
03-09-2024,VM,eastus,AWS,14.9005,54.6357,8.3955,4.4112,QA,0.011484871399999999
03-09-2024,VM,eastus,Azure,18.8165,52.6077,9.6095,3.4728,QA,0.013478015400000001
04-09-2024,Storage,eastus,AWS,0.2535,834.5634,1.1336,1.6244,DevOps,0.0028534268000000003
04-09-2024,Networking,westeurope,Azure,2.2224,10.7635,40.385,5.0089,Data,0.040851006999999995
04-09-2024,Database,eastus,AWS,8.0281,262.9822,4.9381,1.6116,Data,0.007069684400000001
04-09-2024,Storage,westeurope,AWS,0.7699,714.6006,1.5818,1.6307,DevOps,0.0031649812
04-09-2024,VM,southeastasia,Azure,16.7922,54.8352,6.4286,4.3569,Engineering,0.009896710400000001
04-09-2024,Storage,southeastasia,AWS,0.4362,712.5525,1.4921,2.4813,DevOps,0.003004445
05-09-2024,Storage,eastus,Azure,0.5081,770.357,2.4843,3.2061,Engineering,0.004126634
05-09-2024,Database,southeastasia,AWS,4.227,232.3915,7.0652,1.555,QA,0.008375383
05-09-2024,Database,eastus,Azure,4.6935,258.4999,4.7272,2.4492,Engineering,0.006182899800000001
05-09-2024,VM,eastus,Azure,11.584,46.553,8.4532,2.6211,DevOps,0.010863106
05-09-2024,VM,southeastasia,Azure,11.7917,59.0993,7.7794,3.048,Engineering,0.0102559386
06-09-2024,Networking,eastus,AWS,1.3414,13.1815,38.8006,5.2524,Engineering,0.039095243
06-09-2024,VM,southeastasia,AWS,11.9228,33.788,11.0138,2.4392,Data,0.013465936000000001
06-09-2024,Storage,eastus,AWS,0.1479,750.21,2.9012,2.91,Engineering,0.0044312
06-09-2024,Networking,westeurope,AWS,2.7422,8.0278,40.7845,6.4951,Engineering,0.0413489956
06-09-2024,VM,eastus,Azure,11.9464,57.1488,9.8938,2.5113,Engineering,0.012397377600000002
06-09-2024,VM,westeurope,AWS,9.2749,46.4264,9.4723,2.2513,Engineering,0.011420132800000002
07-09-2024,Storage,westeurope,Azure,0.2217,647.3861,1.0053,2.8609,DevOps,0.0023444122
07-09-2024,VM,eastus,AWS,8.1999,57.023,8.8689,3.2536,QA,0.010622926000000001
07-09-2024,Storage,eastus,AWS,0.2602,719.3979,2.2332,3.6867,Data,0.0037240358000000004
07-09-2024,VM,eastus,AWS,3.0767,43.8483,0.0,2.4968,Engineering,0.0007030366
07-09-2024,Storage,eastus,Azure,0.3097,862.5805,0.8696,3.237,Engineering,0.002656701
07-09-2024,Database,westeurope,AWS,2.7963,182.3131,1.1121,2.1603,QA,0.0020359862
08-09-2024,Database,southeastasia,AWS,1.9768,151.5207,1.1971,1.9471,Data,0.0018955014
08-09-2024,VM,eastus,Azure,7.085,56.1407,6.6563,2.3833,Engineering,0.008185581400000001
08-09-2024,Storage,eastus,AWS,0.3518,779.3005,0.4377,1.4004,QA,0.002066661
09-09-2024,Networking,eastus,Azure,1.069,11.4741,34.7059,5.0441,QA,0.034942648199999995
09-09-2024,VM,eastus,Azure,13.7818,43.7227,4.6413,1.8068,DevOps,0.007485105400000001
09-09-2024,Networking,eastus,AWS,1.4827,12.7299,34.6856,4.1846,Engineering,0.035007599800000004
09-09-2024,VM,southeastasia,AWS,11.2338,60.0349,7.1746,2.3655,Data,0.009541429799999999
10-09-2024,VM,eastus,AWS,11.8464,38.1398,8.9322,3.3517,Data,0.011377759599999999
10-09-2024,Database,eastus,Azure,6.8326,208.4191,4.2365,3.6876,Engineering,0.0060198582
10-09-2024,Storage,eastus,Azure,0.1506,709.6155,1.9318,3.1906,DevOps,0.0033811509999999998
10-09-2024,VM,eastus,Azure,15.4836,46.7258,11.0319,3.7877,QA,0.0142220716
10-09-2024,VM,southeastasia,AWS,7.0085,49.9863,8.336,2.071,Data,0.0098376726
11-09-2024,VM,westeurope,AWS,9.6211,64.3442,7.3423,2.4458,QA,0.0093952084
11-09-2024,Storage,eastus,AWS,0.5312,877.7818,1.9745,3.4949,DevOps,0.0038363036000000003
11-09-2024,VM,eastus,AWS,7.5043,62.1427,5.1525,3.4161,Data,0.0067776454
12-09-2024,Storage,westeurope,AWS,0.7056,718.012,2.4451,2.0261,DevOps,0.0040222439999999995
12-09-2024,Database,southeastasia,Azure,8.2282,138.5769,4.6689,2.924,Engineering,0.0065916937999999994
12-09-2024,VM,westeurope,Azure,8.002,48.0856,8.5958,1.9019,Engineering,0.0102923712
12-09-2024,Storage,eastus,Azure,0.5008,578.209,0.7732,2.7713,Engineering,0.002029778
12-09-2024,Networking,southeastasia,Azure,1.7105,8.8722,43.8288,6.2262,Engineering,0.044188644400000004
12-09-2024,Storage,southeastasia,Azure,0.4783,960.6311,1.5769,1.452,QA,0.0035938221999999996
13-09-2024,Storage,eastus,AWS,0.3313,1030.3544,2.1188,3.8519,Engineering,0.004245768799999999
13-09-2024,VM,eastus,AWS,15.2047,52.8972,5.5133,2.921,Data,0.0086600344
13-09-2024,Database,eastus,AWS,6.9733,226.9186,6.2751,2.2043,QA,0.0081235972
14-09-2024,VM,eastus,Azure,7.7142,54.4032,1.2834,1.05,Engineering,0.0029350464000000003
14-09-2024,VM,eastus,Azure,4.8137,68.449,5.8756,2.0574,Engineering,0.006975238000000001
14-09-2024,VM,eastus,AWS,10.2811,45.2688,0.3509,2.342,DevOps,0.0024976576
14-09-2024,Networking,eastus,AWS,0.0958,9.0496,0.0,2.1289,Data,3.7259200000000004e-05
14-09-2024,Storage,westeurope,AWS,0.3383,1021.2711,1.4696,2.5122,DevOps,0.0035798022
15-09-2024,Networking,southeastasia,AWS,1.3874,11.675,17.1025,3.1102,DevOps,0.017403329999999998
15-09-2024,VM,westeurope,AWS,7.4998,53.7385,5.0396,1.5208,Engineering,0.006647037
15-09-2024,VM,eastus,AWS,8.4764,49.2208,9.6747,2.3435,DevOps,0.0114684216
15-09-2024,VM,westeurope,AWS,5.4083,51.5686,7.5292,1.5268,Engineering,0.0087139972
15-09-2024,Storage,eastus,AWS,0.1934,804.0575,1.423,3.7469,Engineering,0.003069795
15-09-2024,Storage,westeurope,AWS,0.2028,651.8869,0.179,1.5878,Engineering,0.0015233338
16-09-2024,Database,southeastasia,Azure,5.7325,189.8523,6.8218,4.0117,Engineering,0.0083480046
16-09-2024,Storage,westeurope,AWS,0.4529,837.9281,2.3503,2.3985,Engineering,0.0041167362
16-09-2024,VM,southeastasia,Azure,15.8523,44.0898,8.5067,3.2451,Data,0.0117653396
16-09-2024,VM,eastus,Azure,8.0291,46.7307,10.1061,3.7016,QA,0.0118053814
16-09-2024,Database,westeurope,Azure,6.5275,165.044,2.5991,2.452,Engineering,0.004234688
16-09-2024,Database,southeastasia,AWS,3.9533,172.152,6.2145,3.7868,Engineering,0.007349464
17-09-2024,VM,westeurope,AWS,12.6921,63.9725,11.0159,3.1626,Data,0.013682265
17-09-2024,VM,westeurope,Azure,12.4915,52.4437,6.4826,2.7721,DevOps,0.0090857874
17-09-2024,Storage,eastus,AWS,0.563,763.0362,3.1663,2.544,Engineering,0.0048049724
18-09-2024,Storage,westeurope,AWS,0.5474,782.4223,2.6038,2.8328,Engineering,0.0042781246000000005
18-09-2024,VM,eastus,AWS,10.0818,45.3738,9.075,3.3709,DevOps,0.0111821076
18-09-2024,VM,eastus,AWS,12.9739,56.2287,5.8261,2.7888,QA,0.0085333374
18-09-2024,VM,eastus,AWS,14.4434,43.0437,8.5146,4.0163,DevOps,0.0114893674
18-09-2024,Database,eastus,Azure,5.742,192.9039,3.0327,1.6108,Engineering,0.0045669078000000005
18-09-2024,Database,eastus,Azure,9.0618,214.3775,5.2147,2.2867,Data,0.007455815
19-09-2024,VM,southeastasia,AWS,9.0051,50.7728,9.4185,2.7333,Engineering,0.0113210656
19-09-2024,Database,eastus,AWS,7.0376,186.2848,5.7757,2.8116,QA,0.0075557896
19-09-2024,Database,westeurope,AWS,4.8786,210.6222,4.369,3.4303,Data,0.005765964399999999
19-09-2024,Storage,westeurope,AWS,0.6966,620.2228,2.1371,1.2474,Data,0.0035168656000000003
20-09-2024,Database,eastus,AWS,5.0778,234.1615,8.1401,3.2842,Data,0.009623983000000001
20-09-2024,VM,westeurope,AWS,15.8,42.717,7.7284,3.7493,DevOps,0.010973834
20-09-2024,VM,westeurope,Azure,10.3342,48.0282,2.7342,2.7723,Data,0.0048970964
20-09-2024,Storage,westeurope,AWS,0.631,699.4188,1.6398,3.6117,Engineering,0.0031648376
20-09-2024,Storage,southeastasia,Azure,0.5742,937.8834,1.6259,2.2403,DevOps,0.0036165068
20-09-2024,Networking,eastus,AWS,1.1276,8.417,27.0848,3.8763,Engineering,0.027327154000000003
21-09-2024,Storage,southeastasia,Azure,0.3265,844.234,0.0,3.1044,DevOps,0.001753768
21-09-2024,VM,eastus,AWS,7.6396,53.6417,5.1628,3.1775,Engineering,0.0067980034
21-09-2024,Networking,eastus,AWS,0.8249,10.7803,24.5524,4.0256,Engineering,0.0247389406
21-09-2024,VM,eastus,AWS,7.3723,54.0625,0.0,2.8252,QA,0.001582585
22-09-2024,Database,eastus,Azure,5.5588,227.8405,2.8127,3.5392,Engineering,0.004380141000000001
22-09-2024,VM,westeurope,AWS,5.1984,56.6959,8.2395,1.8706,Data,0.009392571800000001
22-09-2024,Networking,westeurope,Azure,1.4403,10.0246,6.1175,1.3419,Engineering,0.0064256092
22-09-2024,Database,eastus,Azure,2.7039,194.5767,4.3888,1.8762,Data,0.0053187334
22-09-2024,Database,eastus,AWS,6.3076,179.012,2.1859,2.105,Data,0.0038054440000000003
22-09-2024,Storage,westeurope,Azure,0.4059,731.4058,1.7637,1.6212,Engineering,0.0033076916
23-09-2024,Storage,eastus,Azure,0.3026,854.9315,3.2079,3.4391,DevOps,0.004978283
23-09-2024,Storage,eastus,AWS,0.4669,646.754,1.6324,1.8,Data,0.003019288
23-09-2024,Storage,westeurope,AWS,0.6141,737.1221,3.2892,3.8181,Engineering,0.0048862642000000005
24-09-2024,VM,eastus,Azure,11.1489,58.9286,10.4527,4.1801,Engineering,0.012800337200000001
24-09-2024,VM,eastus,Azure,12.6336,50.369,7.5369,3.4775,Data,0.010164358
24-09-2024,VM,eastus,AWS,13.5279,45.3795,11.8809,3.6461,DevOps,0.014677239000000002
24-09-2024,Database,eastus,AWS,4.8444,223.8184,4.5555,1.7288,Data,0.0059720168
25-09-2024,Database,eastus,Azure,3.8958,147.3681,4.4803,2.9639,Engineering,0.0055541962
25-09-2024,VM,westeurope,Azure,14.1795,62.2158,5.9462,4.0287,Engineering,0.0089065316
25-09-2024,VM,westeurope,AWS,12.6062,46.5532,8.8505,4.0266,DevOps,0.011464846400000001
25-09-2024,Networking,westeurope,AWS,1.4024,11.1686,31.4796,4.7754,QA,0.0317824172
26-09-2024,VM,eastus,Azure,13.0889,55.8281,8.4738,3.6231,Data,0.011203236200000001
26-09-2024,Database,westeurope,AWS,1.6159,165.6834,3.2883,2.1734,QA,0.0039428468
26-09-2024,Networking,eastus,AWS,2.1082,12.388,24.7104,4.8316,Engineering,0.025156816000000002
26-09-2024,Database,westeurope,AWS,6.5866,243.3989,5.7091,3.2976,QA,0.007513217800000001
27-09-2024,Storage,eastus,AWS,0.5272,860.2808,1.6263,3.2048,DevOps,0.0034523016
27-09-2024,Storage,southeastasia,AWS,0.2282,629.8901,1.5789,1.4063,Data,0.0028843202
27-09-2024,VM,eastus,Azure,7.9209,41.0994,9.5457,1.9755,Engineering,0.0112120788
27-09-2024,VM,eastus,Azure,16.2068,47.994,8.0697,3.8992,Engineering,0.011407048
28-09-2024,Networking,southeastasia,AWS,1.0521,12.2082,22.1594,3.5343,Engineering,0.022394236400000003
28-09-2024,Database,westeurope,AWS,3.451,191.8272,0.0,2.5632,Data,0.0010738544
29-09-2024,VM,eastus,Azure,7.3397,57.1469,6.7135,3.883,Engineering,0.0082957338
29-09-2024,Storage,eastus,Azure,0.287,972.1828,0.2246,1.3662,Data,0.0022263656000000003
29-09-2024,Database,westeurope,Azure,0.0,207.3005,3.0968,3.3101,QA,0.0035114010000000004
29-09-2024,Database,eastus,AWS,4.5014,163.9892,4.6354,3.2242,Engineering,0.005863658399999999
30-09-2024,Database,eastus,Azure,5.4536,260.7527,6.3525,3.6691,Engineering,0.0079647254
30-09-2024,VM,westeurope,AWS,10.8562,46.1443,10.1544,4.328,Data,0.012417928600000001
30-09-2024,VM,westeurope,Azure,14.8128,46.3191,6.2021,3.1396,Engineering,0.0092572982
30-09-2024,VM,eastus,AWS,15.4427,53.6541,9.8415,4.5272,Engineering,0.0130373482
01-10-2024,Storage,westeurope,AWS,0.401,733.9128,1.3743,2.7901,Engineering,0.0029223256
01-10-2024,Storage,eastus,AWS,0.4243,899.583,2.0421,3.1081,Engineering,0.003926126
01-10-2024,Networking,southeastasia,AWS,1.4102,10.6965,44.4302,6.5337,Engineering,0.044733633
01-10-2024,VM,westeurope,Azure,13.3866,49.8278,7.5664,2.5018,DevOps,0.0103433756
02-10-2024,VM,eastus,AWS,10.9687,50.911,6.8013,2.7582,DevOps,0.009096862
02-10-2024,Networking,eastus,AWS,2.3345,12.1239,25.2579,5.1825,Engineering,0.0257490478
02-10-2024,Storage,eastus,Azure,0.4468,601.1428,2.2828,1.4642,QA,0.0035744456
03-10-2024,Storage,eastus,AWS,0.659,1037.2552,2.3039,1.5825,Data,0.004510210400000001
03-10-2024,Storage,westeurope,AWS,0.4093,670.4052,1.9394,2.0744,DevOps,0.0033620704
03-10-2024,Storage,southeastasia,Azure,0.5385,567.5908,2.6091,3.2688,Data,0.0038519816
03-10-2024,VM,eastus,Azure,8.3697,44.1031,4.8046,2.1776,Data,0.0065667462
03-10-2024,Storage,southeastasia,AWS,0.5535,887.8693,2.7032,2.0652,DevOps,0.004589638599999999
04-10-2024,VM,eastus,Azure,9.6205,56.5457,6.2294,3.3336,DevOps,0.0082665914
04-10-2024,Storage,eastus,Azure,0.2562,669.4702,1.9257,2.8597,DevOps,0.0033158804
04-10-2024,VM,eastus,AWS,13.3123,44.3709,0.4606,3.5934,Data,0.0032118018000000005
04-10-2024,Database,westeurope,Azure,7.1906,214.2929,4.7701,2.946,Data,0.0066368058
04-10-2024,Storage,eastus,AWS,0.4285,577.3906,1.5496,2.5172,QA,0.0027900812
05-10-2024,VM,westeurope,Azure,8.7431,50.2548,6.8546,3.3727,QA,0.0087037296
05-10-2024,Networking,eastus,AWS,1.3584,11.6838,7.5665,3.666,Data,0.0078615476
05-10-2024,Storage,westeurope,AWS,0.3736,781.4411,0.9639,2.106,Engineering,0.0026015022
05-10-2024,VM,eastus,Azure,7.5562,43.6543,2.543,1.6725,QA,0.0041415486
05-10-2024,Storage,eastus,AWS,0.2483,700.5544,0.6345,3.3136,Engineering,0.0020852687999999998
05-10-2024,Networking,southeastasia,AWS,1.1134,9.9356,7.154,1.9882,Engineering,0.0073965511999999995
06-10-2024,Networking,southeastasia,AWS,1.852,10.7096,5.7824,2.6477,Engineering,0.0061742192
06-10-2024,Networking,eastus,Azure,1.4493,7.0863,13.6012,4.0021,DevOps,0.013905232600000001
06-10-2024,Storage,southeastasia,Azure,0.1555,823.7955,2.6128,2.3708,Engineering,0.004291491
07-10-2024,Networking,eastus,Azure,2.1304,9.1192,46.1731,5.492,DevOps,0.0466174184
07-10-2024,VM,westeurope,AWS,16.591,46.2433,8.557,3.5883,Data,0.011967686600000001
07-10-2024,Storage,westeurope,AWS,0.6297,731.3018,2.5056,2.382,Data,0.0040941436
07-10-2024,VM,southeastasia,AWS,12.8811,56.318,12.9642,4.0916,Engineering,0.015653056000000002
08-10-2024,Storage,eastus,Azure,0.4663,808.298,2.1021,1.583,Engineering,0.003811956
08-10-2024,Storage,eastus,Azure,0.4956,777.9752,1.931,2.8619,QA,0.0035860704
08-10-2024,VM,westeurope,AWS,8.9056,55.0127,12.2027,2.5245,Engineering,0.0140938454
08-10-2024,Storage,westeurope,AWS,0.4278,608.2856,2.8941,2.6415,DevOps,0.0041962312
08-10-2024,Storage,eastus,AWS,0.6784,735.0121,2.4262,2.0486,Engineering,0.0040319042
09-10-2024,Networking,southeastasia,AWS,1.8378,11.2767,38.1489,5.5833,Data,0.0385390134
09-10-2024,VM,southeastasia,AWS,0.7207,46.8366,5.2926,3.0567,Engineering,0.005530413200000001
09-10-2024,Networking,southeastasia,AWS,2.7049,10.0503,22.0951,3.4678,DevOps,0.0226561806
10-10-2024,Networking,westeurope,Azure,2.7066,9.5861,21.3262,4.6852,QA,0.0218866922
10-10-2024,Database,westeurope,Azure,5.8752,241.3201,1.712,2.3941,DevOps,0.0033696802
10-10-2024,Database,westeurope,Azure,3.8666,224.9984,5.8972,3.0867,Engineering,0.007120516800000001
10-10-2024,Storage,westeurope,Azure,0.3096,736.2306,1.8842,3.2698,DevOps,0.0034185812000000005
10-10-2024,VM,eastus,AWS,15.151,43.819,10.2469,3.2922,Engineering,0.013364738000000001
11-10-2024,VM,eastus,Azure,12.2965,54.6185,7.8927,3.0965,Engineering,0.010461236999999998
11-10-2024,VM,eastus,Azure,6.1712,44.2728,5.1572,3.4519,Data,0.0064799856
11-10-2024,Storage,westeurope,Azure,0.6711,789.2198,1.5175,1.6516,Engineering,0.0032301596
11-10-2024,Networking,eastus,Azure,2.4445,9.4512,28.6563,4.9619,Engineering,0.029164102400000003
11-10-2024,Database,westeurope,Azure,6.3473,207.4605,4.1882,1.8843,Engineering,0.005872581
11-10-2024,Database,eastus,AWS,7.7615,226.3596,4.1466,1.5944,DevOps,0.0061516192
12-10-2024,VM,eastus,AWS,0.783,48.5262,5.7357,3.3679,DevOps,0.0059893524
12-10-2024,Networking,southeastasia,AWS,1.1312,12.3061,27.727,4.2634,Engineering,0.0279778522
12-10-2024,Storage,southeastasia,Azure,0.1826,911.1409,0.8339,2.2898,Data,0.0026927018
12-10-2024,VM,southeastasia,AWS,4.9505,51.8545,6.1278,3.7046,Data,0.007221609
12-10-2024,Database,eastus,AWS,4.5339,219.5668,3.9522,3.3243,QA,0.0052981136
12-10-2024,Networking,eastus,AWS,0.2572,10.4296,13.3026,1.8098,Engineering,0.0133748992
13-10-2024,VM,eastus,Azure,9.0934,44.2561,6.0518,1.8111,Engineering,0.0079589922
13-10-2024,Networking,eastus,AWS,0.9025,9.1833,7.5286,3.3899,DevOps,0.0077274666
13-10-2024,Database,eastus,AWS,1.3117,274.1374,2.555,2.6559,Engineering,0.0033656148000000006
13-10-2024,VM,eastus,Azure,8.1364,44.1538,2.4937,1.1886,Engineering,0.0042092876
14-10-2024,Networking,eastus,AWS,2.1095,9.2869,22.4772,2.934,Data,0.0229176738
14-10-2024,Database,eastus,Azure,4.3562,161.5461,4.4403,3.0954,Data,0.0056346322
14-10-2024,Storage,westeurope,AWS,0.4458,582.6772,1.6501,3.579,Engineering,0.0029046144
14-10-2024,Networking,eastus,AWS,1.7686,9.5394,40.2921,6.0604,Engineering,0.040664898799999995
14-10-2024,VM,eastus,AWS,12.3195,64.559,8.2217,2.1603,DevOps,0.010814718000000001
15-10-2024,Database,westeurope,AWS,6.9146,209.6192,5.0286,3.4414,DevOps,0.0068307584
15-10-2024,Database,eastus,AWS,6.9091,188.8613,3.3664,1.8276,QA,0.005125942600000001
15-10-2024,VM,southeastasia,Azure,12.7783,46.6021,9.9806,2.6184,DevOps,0.012629464200000001
16-10-2024,Networking,eastus,Azure,2.6182,11.6172,29.224,3.8273,Engineering,0.0297708744
16-10-2024,Storage,eastus,AWS,0.3309,625.0669,2.2041,1.3228,Engineering,0.0035204138000000003
16-10-2024,VM,eastus,Azure,10.2607,46.6332,7.0253,2.2619,QA,0.009170706399999999
17-10-2024,VM,eastus,Azure,11.5585,43.5569,9.9798,2.4576,Data,0.012378613799999999
17-10-2024,Networking,eastus,AWS,2.0873,9.6499,32.6344,5.5121,Engineering,0.0330711598
17-10-2024,Storage,southeastasia,Azure,0.5414,910.0452,1.7111,1.6219,DevOps,0.0036394704000000007
17-10-2024,Storage,eastus,AWS,0.5866,959.9754,1.1204,1.4414,Data,0.0031576708000000003
18-10-2024,VM,southeastasia,AWS,12.9743,53.5995,5.5827,2.9962,QA,0.008284759000000001
18-10-2024,VM,westeurope,Azure,12.5047,50.3422,7.5924,3.3963,QA,0.0101940244
18-10-2024,Database,eastus,AWS,5.5154,240.0671,6.4628,2.757,Data,0.0080460142
18-10-2024,VM,eastus,AWS,13.1078,47.8,6.9312,2.5343,DevOps,0.009648359999999998
19-10-2024,Storage,westeurope,AWS,0.2698,609.366,2.6407,3.2625,Data,0.003913392
19-10-2024,Networking,westeurope,AWS,0.7636,10.7581,14.0254,4.2961,Engineering,0.0141996362
19-10-2024,Networking,eastus,AWS,1.4207,11.0639,17.4417,2.4723,Data,0.0177479678
19-10-2024,VM,eastus,Azure,9.8988,56.6834,6.6914,2.4161,Engineering,0.008784526800000001
20-10-2024,Database,eastus,Azure,3.5571,187.9666,3.6658,2.5587,Engineering,0.0047531532000000005
20-10-2024,VM,eastus,AWS,3.991,47.0795,7.2539,1.6141,Engineering,0.008146259
20-10-2024,Storage,eastus,AWS,0.2367,919.4738,1.2215,3.1309,Engineering,0.0031077876
20-10-2024,Database,eastus,AWS,1.0362,208.7645,2.9204,2.6688,DevOps,0.003545169
21-10-2024,Networking,eastus,AWS,2.1288,8.427,31.1369,4.7773,Engineering,0.031579514
21-10-2024,Storage,westeurope,AWS,0.5214,893.9754,2.2256,2.3429,Engineering,0.0041178308
21-10-2024,Networking,eastus,AWS,2.4751,10.9051,21.673,2.836,Engineering,0.022189830199999996
21-10-2024,Storage,eastus,AWS,0.5543,724.7812,2.9547,1.3959,QA,0.0045151224
21-10-2024,VM,westeurope,Azure,10.7584,49.377,6.1791,2.9628,DevOps,0.008429533999999999
21-10-2024,Database,westeurope,Azure,6.1309,201.755,6.3727,3.5014,Engineering,0.00800239
22-10-2024,Database,eastus,Azure,6.8052,162.5131,7.1505,3.7321,DevOps,0.0088365662
22-10-2024,Storage,eastus,Azure,0.5151,925.283,2.3503,2.8387,Data,0.004303886
23-10-2024,VM,westeurope,AWS,10.6943,50.517,7.287,3.5346,DevOps,0.009526894000000001
23-10-2024,Database,westeurope,AWS,6.5452,266.2739,5.4333,2.7817,Engineering,0.0072748878
23-10-2024,Storage,eastus,AWS,0.5636,632.4794,2.2182,1.7324,Engineering,0.0035958788
23-10-2024,VM,eastus,AWS,15.8366,34.628,8.5879,2.2303,DevOps,0.011824476
24-10-2024,VM,southeastasia,AWS,12.213,51.5566,4.7677,1.6147,QA,0.0073134132
24-10-2024,Networking,westeurope,Azure,2.4346,7.8406,47.9804,6.3142,Engineering,0.04848300120000001
24-10-2024,VM,eastus,AWS,15.5371,41.0829,9.0602,2.5357,DevOps,0.012249785800000001
24-10-2024,Database,westeurope,Azure,5.035,228.9402,5.6776,2.1709,Data,0.007142480400000001
25-10-2024,Database,southeastasia,Azure,6.9095,217.8795,5.468,2.082,QA,0.007285659
25-10-2024,VM,westeurope,AWS,10.887,55.2467,7.1812,2.5467,DevOps,0.0094690934
25-10-2024,Storage,eastus,Azure,0.5399,872.9485,1.6384,2.9217,Data,0.0034922770000000002
26-10-2024,VM,eastus,AWS,8.9137,60.4298,5.128,3.1112,Engineering,0.0070315996000000006
26-10-2024,VM,eastus,Azure,7.5101,46.6713,0.2453,2.1369,Engineering,0.0018406626
26-10-2024,VM,westeurope,Azure,3.9539,47.46,7.5195,2.771,Engineering,0.0084052
27-10-2024,Networking,westeurope,AWS,0.4954,7.4258,11.3061,1.8079,Engineering,0.011420031600000002
27-10-2024,VM,eastus,Azure,6.2886,40.4325,4.7291,3.2824,DevOps,0.006067685
27-10-2024,Storage,southeastasia,AWS,0.0,952.3735,0.8523,3.6164,Data,0.0027570470000000003
27-10-2024,Storage,southeastasia,AWS,0.2252,708.2573,0.9575,3.4502,QA,0.0024190546000000005
27-10-2024,Database,westeurope,AWS,5.4042,206.7488,2.9812,2.9819,DevOps,0.004475537599999999
27-10-2024,VM,westeurope,AWS,3.9432,49.8187,0.0,1.1499,QA,0.0008882774000000001
28-10-2024,VM,eastus,Azure,13.7349,45.4169,7.4223,3.2378,Data,0.0102601138
28-10-2024,VM,westeurope,Azure,11.5868,38.9468,7.2903,4.2223,Engineering,0.0096855536
28-10-2024,VM,eastus,Azure,14.1244,58.4257,9.6248,4.0293,QA,0.0125665314
28-10-2024,Storage,westeurope,Azure,0.6687,1095.4034,2.871,1.8797,Engineering,0.005195546799999999
29-10-2024,Storage,eastus,AWS,0.4387,907.9038,3.1464,1.9194,DevOps,0.0050499476
29-10-2024,Networking,southeastasia,AWS,2.0442,10.1616,35.0026,5.3722,Engineering,0.0354317632
29-10-2024,VM,westeurope,Azure,12.442,53.4434,4.7793,3.5187,QA,0.0073745868
29-10-2024,VM,eastus,Azure,14.5651,52.055,7.9123,3.0284,Data,0.01092943
29-10-2024,Database,eastus,AWS,8.8556,191.8331,2.2615,3.7486,Engineering,0.0044162862
29-10-2024,Database,eastus,AWS,4.9886,133.4884,4.9605,2.4393,DevOps,0.0062251968
30-10-2024,Database,eastus,Azure,5.8086,160.386,5.5787,3.379,Engineering,0.007061192000000001
30-10-2024,Networking,eastus,Azure,2.0515,10.036,23.2444,3.169,Engineering,0.023674771999999997
30-10-2024,Storage,westeurope,AWS,0.4626,661.4127,1.2302,2.7948,DevOps,0.0026455454
30-10-2024,Storage,southeastasia,AWS,0.6154,848.7313,1.5115,2.6591,DevOps,0.0033320426000000005
30-10-2024,VM,southeastasia,Azure,8.5044,61.422,7.519,2.4753,Engineering,0.009342724
31-10-2024,VM,eastus,AWS,11.0152,59.659,5.0954,3.8715,Engineering,0.007417758
31-10-2024,Database,southeastasia,Azure,6.3685,192.9541,4.401,2.7284,Data,0.0060606081999999995
31-10-2024,Storage,eastus,Azure,0.5547,1032.5126,1.6427,2.4207,QA,0.0038186652
31-10-2024,VM,westeurope,AWS,17.2994,55.469,4.033,2.7169,Engineering,0.007603818
31-10-2024,Storage,eastus,AWS,0.5587,918.4944,2.6685,2.8374,QA,0.0046172287999999995
01-11-2024,Storage,eastus,AWS,0.4805,950.8502,1.0752,2.9636,DevOps,0.0030730004000000003
01-11-2024,Database,eastus,Azure,6.9302,137.8359,4.6926,1.8144,Data,0.0063543118
01-11-2024,VM,southeastasia,Azure,10.6627,47.6348,8.0084,4.2649,QA,0.0102362096
02-11-2024,Storage,eastus,Azure,0.2725,967.6797,1.1944,2.7619,Data,0.0031842594
02-11-2024,VM,eastus,Azure,8.8791,58.7019,3.1678,2.7432,QA,0.0050610238
02-11-2024,VM,eastus,Azure,11.5111,45.3231,2.5547,3.4651,Data,0.0049475662
02-11-2024,Networking,westeurope,AWS,1.1654,8.9797,10.6772,2.4827,Data,0.0109282394
02-11-2024,VM,eastus,AWS,11.0007,59.3107,4.0594,2.8933,Data,0.0063781614
03-11-2024,Networking,eastus,AWS,1.4779,13.0811,20.4486,4.4381,Engineering,0.0207703422
03-11-2024,VM,eastus,Azure,8.6179,46.9738,5.9729,3.9611,Engineering,0.007790427600000001
03-11-2024,VM,westeurope,Azure,8.1564,49.8431,8.5507,1.8356,Data,0.010281666200000001
03-11-2024,Networking,westeurope,AWS,0.5196,9.7321,15.3024,1.9126,Engineering,0.0154257842
04-11-2024,VM,eastus,Azure,6.0002,60.1551,5.0021,2.627,Engineering,0.006322450200000001
04-11-2024,Networking,eastus,Azure,1.7886,12.2744,42.6532,5.1747,DevOps,0.043035468800000004
04-11-2024,Storage,westeurope,AWS,0.5976,495.8158,2.5813,2.5942,Data,0.0036924516000000004
04-11-2024,Networking,eastus,Azure,1.2912,12.5942,21.9936,4.5118,Engineering,0.022277028400000003
04-11-2024,Networking,southeastasia,AWS,2.1852,8.7147,26.9154,3.8112,QA,0.027369869400000003
05-11-2024,Storage,eastus,AWS,0.8804,699.8752,1.8593,3.251,Data,0.0034351304
05-11-2024,Database,westeurope,Azure,4.7521,179.7556,5.9425,2.9975,Engineering,0.0072524312
05-11-2024,VM,eastus,AWS,13.0715,45.7441,12.3237,3.6522,Engineering,0.0150294882
05-11-2024,Storage,eastus,AWS,0.6469,750.9352,3.3177,3.6442,Data,0.0049489504
05-11-2024,Database,southeastasia,AWS,4.4478,173.3047,3.5588,3.4401,Engineering,0.004794969400000001
05-11-2024,Storage,eastus,AWS,0.6721,891.537,1.6205,1.9624,Engineering,0.003537994
06-11-2024,Storage,westeurope,AWS,0.376,878.8266,0.883,1.9675,Engineering,0.0027158532000000003
06-11-2024,VM,eastus,AWS,14.9827,42.5089,8.9141,2.7361,DevOps,0.0119956578
06-11-2024,VM,eastus,AWS,12.1625,48.7247,7.337,3.9198,DevOps,0.0098669494
07-11-2024,VM,eastus,AWS,9.0572,44.2189,11.4407,2.6639,Data,0.0133405778
07-11-2024,Storage,westeurope,Azure,0.5239,920.1683,1.7256,3.282,Data,0.0036707166000000003
07-11-2024,VM,eastus,AWS,10.2079,50.8281,10.8732,2.7434,Engineering,0.013016436200000002
07-11-2024,Networking,westeurope,AWS,1.6145,9.0945,43.1279,4.992,DevOps,0.043468989
08-11-2024,VM,southeastasia,Azure,14.087,43.1074,12.3386,2.6157,DevOps,0.0152422148
08-11-2024,VM,eastus,AWS,13.6601,46.0588,8.7507,3.8587,Engineering,0.0115748376
08-11-2024,VM,eastus,Azure,10.0683,49.7459,4.5359,2.221,DevOps,0.0066490518
08-11-2024,Storage,eastus,AWS,0.7126,698.1851,2.0306,3.3455,QA,0.0035694902
08-11-2024,Storage,eastus,AWS,0.7174,806.5599,1.825,2.1352,Engineering,0.0035815998
09-11-2024,VM,eastus,Azure,6.0095,48.3307,0.0,1.4081,Engineering,0.0012985614
09-11-2024,Storage,southeastasia,Azure,0.2518,1117.6215,0.7928,3.3153,DevOps,0.0030784030000000004
09-11-2024,VM,eastus,AWS,6.5624,57.409,5.1021,2.2515,Engineering,0.0065293980000000005
09-11-2024,Database,eastus,AWS,1.7512,255.633,4.5632,2.555,Engineering,0.005424706
09-11-2024,Storage,southeastasia,AWS,0.3744,892.406,1.9037,1.8198,Engineering,0.003763392
09-11-2024,VM,eastus,AWS,7.3446,50.5848,8.8125,3.9276,Engineering,0.0103825896
10-11-2024,VM,eastus,AWS,6.5771,45.251,8.2414,3.3198,DevOps,0.009647322000000002
10-11-2024,VM,eastus,AWS,10.0146,56.3114,5.8608,1.9477,Data,0.007976342800000001
10-11-2024,Storage,southeastasia,AWS,0.3789,970.0044,0.8682,2.6081,Data,0.0028839888
10-11-2024,Database,eastus,Azure,2.3268,188.6378,0.5178,2.3379,Engineering,0.0013604355999999999
10-11-2024,VM,eastus,Azure,4.6191,46.6589,5.0761,1.4653,QA,0.0060932378
11-11-2024,VM,eastus,AWS,15.9257,54.6947,8.5618,3.0784,Engineering,0.0118563294
11-11-2024,VM,eastus,Azure,8.4921,48.8739,3.842,3.6488,Data,0.005638167800000001
11-11-2024,Database,eastus,AWS,5.4102,229.5121,4.6506,2.673,Engineering,0.0061916642
11-11-2024,VM,eastus,Azure,7.5204,48.7341,8.6795,2.9797,Data,0.010281048200000002
11-11-2024,Storage,westeurope,Azure,0.4872,839.2027,1.2585,2.9431,Engineering,0.0030343454
11-11-2024,Networking,southeastasia,AWS,1.961,10.8244,43.5803,5.8909,Engineering,0.0439941488
12-11-2024,VM,westeurope,Azure,15.355,47.3114,7.5252,3.8283,DevOps,0.010690822800000001
12-11-2024,VM,eastus,Azure,11.6683,63.7365,3.7707,3.628,Data,0.006231833
12-11-2024,VM,eastus,AWS,6.7016,48.0372,9.1853,3.9337,Engineering,0.010621694400000001
12-11-2024,Networking,westeurope,Azure,1.1479,10.914,42.7734,5.0229,Engineering,0.043024808000000005
13-11-2024,VM,westeurope,AWS,10.4278,47.6677,8.966,2.91,Data,0.0111468954
13-11-2024,Database,eastus,AWS,9.4114,210.0553,4.6676,3.5766,Data,0.0069699906
13-11-2024,Storage,eastus,Azure,0.6739,720.477,2.0521,1.6941,DevOps,0.003627834
13-11-2024,VM,eastus,Azure,9.5484,56.6781,8.6825,2.323,Engineering,0.010705536199999999
13-11-2024,Database,eastus,AWS,3.0963,154.8276,6.2599,2.3826,DevOps,0.0071888152
14-11-2024,VM,westeurope,Azure,13.2394,49.6907,5.8106,3.17,Data,0.0085578614
14-11-2024,Storage,southeastasia,Azure,0.5463,839.5212,1.4486,3.1004,QA,0.0032369024
14-11-2024,VM,westeurope,AWS,11.7204,44.6044,9.8189,2.2759,Engineering,0.012252188800000001
14-11-2024,VM,westeurope,AWS,11.1784,70.1157,6.4149,3.2074,DevOps,0.008790811400000001
15-11-2024,Database,eastus,AWS,5.4495,188.2877,7.9531,3.4703,DevOps,0.0094195754
15-11-2024,VM,southeastasia,Azure,14.8192,32.467,10.6223,4.6352,DevOps,0.013651074
15-11-2024,Storage,southeastasia,Azure,0.4883,801.1072,1.648,2.0483,DevOps,0.0033478744
15-11-2024,VM,eastus,AWS,9.7465,53.1999,12.7707,3.2683,Engineering,0.014826399799999999
15-11-2024,Storage,southeastasia,AWS,0.736,684.1743,2.1432,3.7061,Data,0.0036587486
16-11-2024,VM,southeastasia,Azure,3.3785,47.3767,1.6559,2.6101,Engineering,0.0024263533999999997
16-11-2024,VM,eastus,Azure,6.3517,47.9517,5.7821,1.581,Data,0.0071483434
16-11-2024,VM,westeurope,AWS,5.0233,47.852,2.7966,3.4773,Data,0.003896964
16-11-2024,VM,westeurope,AWS,8.2997,47.6179,3.1479,3.2772,Engineering,0.0049030758
17-11-2024,VM,southeastasia,Azure,9.207,46.0422,1.2945,1.5183,Data,0.0032279844000000003
17-11-2024,VM,southeastasia,Azure,6.7342,46.9532,0.5719,1.6643,Engineering,0.0020126464
17-11-2024,VM,westeurope,Azure,6.6434,55.8588,3.4831,3.599,Data,0.0049234976
18-11-2024,Networking,southeastasia,AWS,2.1343,10.005,37.9479,4.9299,DevOps,0.03839477
18-11-2024,VM,southeastasia,AWS,10.8943,57.7925,7.0074,2.356,QA,0.009301845
18-11-2024,Networking,westeurope,AWS,2.0323,9.6553,15.8932,3.2167,DevOps,0.0163189706
18-11-2024,VM,southeastasia,Azure,8.288,50.2864,11.5459,4.2869,Data,0.0133040728
18-11-2024,Networking,eastus,AWS,1.4535,9.8936,21.4706,3.8353,Engineering,0.021781087200000004
18-11-2024,VM,westeurope,Azure,9.7725,54.8884,11.3121,3.3718,Engineering,0.013376376799999999
19-11-2024,VM,westeurope,Azure,11.1848,35.977,7.8481,3.0312,Data,0.010157014
19-11-2024,Networking,eastus,Azure,1.9607,9.0575,28.1979,4.5609,QA,0.028608155000000003
19-11-2024,Storage,southeastasia,Azure,0.3662,736.6815,2.0021,2.6514,Data,0.0035487030000000003
20-11-2024,Storage,eastus,AWS,0.4757,886.4911,2.1605,1.6106,Engineering,0.0040286222
20-11-2024,VM,southeastasia,Azure,7.5844,49.4808,9.8774,2.3883,Engineering,0.011493241599999999
20-11-2024,VM,southeastasia,AWS,15.1278,53.9518,4.004,2.2541,Engineering,0.0071374635999999995
21-11-2024,VM,eastus,AWS,15.1647,57.0803,5.176,2.1619,DevOps,0.008323100600000001
21-11-2024,Storage,eastus,Azure,0.6563,648.0042,1.4062,1.6835,Data,0.0028334683999999997
21-11-2024,VM,eastus,AWS,13.7622,44.4017,10.8344,3.9619,Engineering,0.013675643400000001
21-11-2024,Storage,southeastasia,AWS,0.3469,740.3563,1.4281,1.6439,DevOps,0.0029781926
22-11-2024,Storage,southeastasia,Azure,0.4403,673.1963,1.4649,3.1445,Data,0.0028993526
22-11-2024,Networking,westeurope,AWS,0.9469,9.4603,44.4723,6.9175,Data,0.0446806006
22-11-2024,Networking,westeurope,AWS,1.8899,11.1278,25.5786,4.3266,DevOps,0.025978835600000003
22-11-2024,Storage,westeurope,Azure,0.6111,906.9278,1.3773,1.7916,Engineering,0.0033133756
22-11-2024,Storage,eastus,AWS,0.4373,838.7459,1.8255,2.4119,DevOps,0.0035904518
22-11-2024,VM,eastus,Azure,11.4076,57.0889,5.1339,3.8727,DevOps,0.007529597799999999
23-11-2024,Networking,eastus,AWS,1.3142,9.8708,9.9323,2.7393,Engineering,0.0102148816
23-11-2024,Database,eastus,Azure,2.1802,173.1385,0.1209,1.6397,QA,0.000903217
23-11-2024,Networking,eastus,AWS,0.2905,12.8028,2.4556,1.8216,DevOps,0.0025393056
23-11-2024,Storage,southeastasia,AWS,0.323,675.2754,0.479,2.0299,QA,0.0018941507999999999
24-11-2024,Database,eastus,Azure,5.4398,253.3263,4.7076,2.7687,DevOps,0.0063022126
24-11-2024,Database,eastus,Azure,3.8873,211.2442,0.0,2.4944,Engineering,0.0011999484
24-11-2024,VM,eastus,AWS,8.3225,55.2646,7.0339,2.4899,QA,0.0088089292
24-11-2024,Storage,westeurope,Azure,0.4053,982.2554,1.1718,2.3052,DevOps,0.0032173708
24-11-2024,Networking,eastus,AWS,0.9914,12.8735,31.1117,5.2768,Data,0.031335727
25-11-2024,Storage,eastus,Azure,0.5702,743.9431,2.4586,3.3113,QA,0.0040605262
25-11-2024,VM,westeurope,AWS,13.1782,51.3719,3.551,2.4699,Engineering,0.006289383800000001
25-11-2024,Database,eastus,Azure,2.989,168.1697,5.4992,3.1547,QA,0.0064333394
26-11-2024,Networking,westeurope,Azure,2.0998,10.8414,40.2536,4.241,Data,0.0406952428
26-11-2024,VM,eastus,Azure,13.1616,63.6795,3.5577,2.9878,Engineering,0.006317379
26-11-2024,VM,eastus,Azure,12.6884,41.4173,6.5587,2.8451,Engineering,0.009179214599999999
26-11-2024,VM,eastus,AWS,12.2318,31.7196,8.5931,3.3155,Data,0.011102899199999999
26-11-2024,VM,westeurope,AWS,11.3898,51.7245,10.5301,2.3123,QA,0.012911508999999998
26-11-2024,VM,eastus,AWS,11.7524,54.9294,11.0495,4.2796,Data,0.0135098388
27-11-2024,VM,southeastasia,AWS,15.2657,42.7228,9.7758,3.7864,Engineering,0.012914385600000002
27-11-2024,VM,eastus,AWS,16.2129,51.8393,10.2791,3.4805,QA,0.0136253586
27-11-2024,Database,westeurope,Azure,3.4274,151.5747,8.6434,3.8782,Engineering,0.0096320294
27-11-2024,VM,eastus,AWS,15.3081,51.3337,6.7286,3.2491,Engineering,0.009892887400000001
27-11-2024,VM,southeastasia,AWS,14.4146,47.2004,3.5079,2.1732,Engineering,0.0064852208
27-11-2024,VM,westeurope,Azure,15.2056,49.3357,9.6433,3.592,Engineering,0.0127830914
28-11-2024,Database,southeastasia,AWS,4.3846,231.3116,6.3996,3.7058,Engineering,0.007739143200000001
28-11-2024,VM,eastus,Azure,11.7231,46.8674,11.7419,2.9458,Data,0.0141802548
28-11-2024,Storage,southeastasia,Azure,0.5689,984.6081,1.56,2.9532,Engineering,0.0036429962000000004
28-11-2024,VM,westeurope,Azure,17.0514,40.9035,7.5414,3.9634,Data,0.011033487000000002
28-11-2024,Database,eastus,AWS,7.4415,227.823,7.4069,2.5968,QA,0.009350846
29-11-2024,Database,eastus,AWS,5.4198,199.7979,4.4677,3.0248,Data,0.0059512558
29-11-2024,VM,eastus,Azure,8.9242,43.8023,7.0586,2.8204,QA,0.0089310446
29-11-2024,Networking,eastus,AWS,1.9904,9.2136,37.3491,5.4694,Engineering,0.0377656072
29-11-2024,Storage,eastus,AWS,0.4403,782.596,1.927,1.6535,Engineering,0.003580252
30-11-2024,Database,westeurope,Azure,2.3112,178.1896,1.4515,2.0133,DevOps,0.0022701192
30-11-2024,Storage,eastus,AWS,0.3384,798.8496,0.0,2.8154,Engineering,0.0016653792
30-11-2024,Database,eastus,Azure,5.3191,267.2185,5.0581,2.3696,Engineering,0.006656357
30-11-2024,VM,southeastasia,AWS,8.5044,71.1978,7.2643,2.2526,Engineering,0.0091075756
30-11-2024,VM,westeurope,Azure,8.6488,59.3511,4.7442,1.5275,QA,0.006592662200000001
30-11-2024,Database,eastus,Azure,2.1875,143.6572,2.9855,1.6963,Engineering,0.0037103144000000003
01-12-2024,Storage,southeastasia,AWS,0.2281,798.5719,0.6159,2.7573,DevOps,0.0022586638
01-12-2024,VM,southeastasia,AWS,8.724,57.4972,6.1037,2.7607,Engineering,0.0079634944
01-12-2024,Storage,eastus,Azure,0.1606,766.6028,0.7768,1.6387,Engineering,0.0023421256000000002
01-12-2024,VM,westeurope,Azure,8.0427,49.4558,1.9602,2.9707,Engineering,0.0036676516000000003
02-12-2024,VM,eastus,AWS,14.1502,43.1614,6.1127,4.0759,Data,0.009029062800000001
02-12-2024,Storage,eastus,AWS,0.5322,672.291,1.868,2.2486,Engineering,0.0033190220000000005
02-12-2024,VM,westeurope,Azure,13.2847,51.3191,4.7273,2.7262,Data,0.0074868782
02-12-2024,Database,eastus,AWS,8.0836,233.648,6.1262,2.414,Data,0.008210216
02-12-2024,VM,southeastasia,AWS,16.0174,49.8409,7.1736,2.658,Engineering,0.010476761800000001
02-12-2024,Database,eastus,AWS,4.5104,219.5685,1.5036,3.2546,DevOps,0.0028448170000000004
03-12-2024,Networking,southeastasia,Azure,2.6985,10.4958,21.2545,3.1068,Data,0.0218151916
03-12-2024,Networking,eastus,Azure,1.5524,8.7433,22.3977,4.1692,DevOps,0.0227256666
03-12-2024,Networking,southeastasia,Azure,2.4187,10.2502,42.8415,4.7977,QA,0.043345740400000006
03-12-2024,VM,eastus,AWS,11.62,43.0512,6.7195,3.1681,Engineering,0.009129602399999999
03-12-2024,VM,eastus,AWS,11.8009,49.4191,11.7268,2.7636,DevOps,0.014185818200000002
04-12-2024,VM,eastus,Azure,7.16,50.5405,11.2326,3.2916,Engineering,0.012765681000000001
04-12-2024,Networking,eastus,AWS,1.6083,11.0715,29.5842,3.3121,Engineering,0.029928003
04-12-2024,Networking,southeastasia,AWS,2.0911,9.0848,35.3355,4.8163,Engineering,0.03577188960000001
04-12-2024,Storage,eastus,AWS,0.8534,1098.7215,2.3485,3.879,Engineering,0.004716623
04-12-2024,Networking,eastus,AWS,2.3608,9.8378,27.5018,4.519,Data,0.0279936356
04-12-2024,Storage,westeurope,AWS,0.3872,683.2952,1.3626,2.4333,Engineering,0.0028066304
05-12-2024,VM,eastus,Azure,11.2305,58.1999,9.8145,4.0666,DevOps,0.012176999800000001
05-12-2024,VM,southeastasia,Azure,9.095,51.8623,9.806,3.4053,DevOps,0.011728724599999999
05-12-2024,Networking,westeurope,AWS,1.7059,10.845,26.0866,3.286,QA,0.026449470000000003
05-12-2024,Storage,southeastasia,AWS,0.5781,896.5931,1.9416,1.8227,DevOps,0.0038504062000000007
05-12-2024,VM,eastus,AWS,14.3363,36.8618,10.7092,4.4158,Data,0.013650183599999999
06-12-2024,Networking,eastus,Azure,1.2634,11.2356,42.2627,6.23,Engineering,0.0425378512
06-12-2024,VM,southeastasia,AWS,8.1553,53.4447,9.9053,2.0408,Engineering,0.0116432494
06-12-2024,VM,westeurope,AWS,9.5249,59.0853,8.2584,2.6482,QA,0.010281550600000001
06-12-2024,Networking,southeastasia,Azure,0.8641,10.9812,19.3632,4.0065,Data,0.0195579824
06-12-2024,Networking,eastus,Azure,2.4238,11.1948,19.6858,3.9176,Engineering,0.0201929496
07-12-2024,VM,eastus,AWS,12.1235,43.4141,1.6361,3.6623,DevOps,0.0041476282
07-12-2024,VM,eastus,AWS,3.4195,52.8373,6.2606,2.3289,Engineering,0.0070501746
07-12-2024,Database,eastus,AWS,3.0585,194.4028,5.7568,3.29,DevOps,0.0067573056
08-12-2024,VM,southeastasia,Azure,9.8618,58.1271,2.2536,2.6551,DevOps,0.0043422142000000006
08-12-2024,Storage,southeastasia,AWS,0.2625,650.296,1.1736,2.5969,DevOps,0.002526692
08-12-2024,Storage,eastus,AWS,0.5892,704.0308,0.0,1.2618,Engineering,0.0015259015999999999
08-12-2024,VM,eastus,AWS,0.0,49.3811,4.2111,0.9546,Data,0.0043098621999999994
09-12-2024,VM,eastus,Azure,10.3412,42.0639,5.1751,3.176,Engineering,0.007327467799999999
09-12-2024,Storage,eastus,Azure,0.6953,757.6599,2.7265,3.8213,Data,0.0043808798
09-12-2024,Networking,southeastasia,AWS,2.2455,10.4947,29.444,5.2626,Data,0.029914089399999996
10-12-2024,Storage,eastus,Azure,0.5204,653.5897,1.3087,2.1015,Data,0.0027199594000000002
10-12-2024,Storage,eastus,Azure,0.6054,687.23,1.4369,1.6308,Engineering,0.00293244
10-12-2024,VM,southeastasia,Azure,12.5405,49.6552,5.4159,2.9406,Engineering,0.0080233104
10-12-2024,Networking,southeastasia,AWS,2.5508,9.3426,26.0522,4.7867,Data,0.0265810452
11-12-2024,Storage,eastus,Azure,0.3793,843.5052,2.6976,1.875,Engineering,0.0044604704
11-12-2024,Storage,eastus,AWS,0.5075,779.2938,2.8741,2.2711,Engineering,0.0045341876000000005
11-12-2024,Networking,westeurope,Azure,1.3576,8.0839,38.1982,4.0812,Engineering,0.0384858878
11-12-2024,Storage,eastus,AWS,0.3619,662.8207,2.1007,2.6342,DevOps,0.0034987214
11-12-2024,VM,westeurope,AWS,10.8154,67.0174,8.4523,3.4812,Data,0.010749414799999999
12-12-2024,Database,eastus,Azure,5.3667,191.9255,3.9038,3.3573,Engineering,0.005360991
12-12-2024,Networking,westeurope,Azure,2.5477,8.4646,44.1547,6.3098,DevOps,0.044681169199999995
12-12-2024,Database,eastus,Azure,4.6717,189.1024,5.2916,3.6414,Engineering,0.0066041447999999996
13-12-2024,Networking,southeastasia,Azure,1.8849,8.8712,31.3837,4.0665,Engineering,0.0317784224
13-12-2024,VM,eastus,Azure,6.2614,63.3297,9.1612,2.414,Engineering,0.010540139399999999
13-12-2024,Storage,eastus,AWS,0.4947,893.9368,2.5544,2.8515,Data,0.0044412136
13-12-2024,Storage,southeastasia,Azure,0.5633,933.4344,2.6627,3.7973,DevOps,0.0046422288
14-12-2024,VM,southeastasia,AWS,6.8185,50.451,6.3243,1.7776,QA,0.007788902
14-12-2024,Networking,westeurope,AWS,1.6889,7.4928,22.6576,3.5006,Data,0.0230103656
15-12-2024,Database,southeastasia,AWS,4.2946,185.2752,4.8003,1.5242,Data,0.0060297704
15-12-2024,VM,westeurope,AWS,6.0149,59.7297,3.8095,3.2202,QA,0.0051319394
15-12-2024,Database,eastus,Azure,3.4028,175.8859,2.3436,3.0823,Engineering,0.0033759318
16-12-2024,VM,eastus,Azure,15.8635,46.5606,7.8952,2.9724,Engineering,0.0111610212
16-12-2024,Database,eastus,AWS,7.2393,208.0683,7.5321,2.5726,Data,0.0093960966
16-12-2024,Database,westeurope,Azure,5.0552,160.3422,5.28,3.0801,Engineering,0.0066117244
16-12-2024,Networking,eastus,AWS,1.2371,7.3261,13.2823,3.0059,Engineering,0.0135443722
16-12-2024,Database,southeastasia,Azure,7.466,216.4109,6.5548,3.4245,QA,0.0084808218
17-12-2024,Networking,eastus,AWS,3.3107,10.0796,28.2225,4.6626,QA,0.0289047992
17-12-2024,Database,southeastasia,AWS,4.7944,185.9081,4.5491,2.0488,Engineering,0.005879796200000001
17-12-2024,Database,westeurope,Azure,5.3295,141.1241,4.2889,1.7072,Engineering,0.0056370482
17-12-2024,VM,southeastasia,Azure,11.2588,41.5275,6.8221,2.009,Engineering,0.009156915
17-12-2024,Storage,eastus,AWS,0.3586,836.0951,1.9732,2.1579,Engineering,0.0037171102
18-12-2024,VM,eastus,Azure,14.0455,50.2744,6.7022,3.7078,Data,0.0096118488
18-12-2024,Networking,eastus,Azure,1.6348,9.2137,39.1683,4.3493,QA,0.039513687400000004
18-12-2024,Networking,eastus,AWS,2.3162,12.9783,24.5331,4.3213,Engineering,0.0250222966
19-12-2024,Networking,westeurope,AWS,1.442,10.3444,23.4807,3.9506,Engineering,0.0237897888
19-12-2024,Storage,southeastasia,AWS,0.4137,786.6993,2.0899,1.3837,DevOps,0.0037460386000000004
19-12-2024,VM,westeurope,Azure,16.3963,60.3838,8.6049,3.634,Data,0.0120049276
19-12-2024,VM,westeurope,Azure,13.029,50.6627,12.7849,2.5635,DevOps,0.0154920254
19-12-2024,VM,westeurope,Azure,13.3336,43.5392,8.234,4.4041,Engineering,0.0109877984
20-12-2024,Storage,eastus,Azure,0.4684,651.6919,1.2697,3.1458,Engineering,0.0026667638000000002
20-12-2024,Database,eastus,Azure,3.5788,192.8111,4.6651,2.4979,Data,0.005766482200000001
20-12-2024,Storage,eastus,Azure,0.7153,619.663,1.7487,3.6665,Data,0.003131086
20-12-2024,VM,eastus,Azure,12.3709,52.6189,8.7534,3.4868,QA,0.0113328178
21-12-2024,Storage,eastus,Azure,0.3656,513.3762,0.4994,1.1574,QA,0.0015992724000000002
21-12-2024,Storage,eastus,AWS,0.2136,741.2556,0.9395,3.2511,Engineering,0.0024647312
21-12-2024,VM,eastus,Azure,4.8881,61.4048,3.245,1.9388,DevOps,0.0043454296
22-12-2024,Networking,eastus,AWS,1.9651,11.4584,4.9387,3.3143,Engineering,0.0053546368
22-12-2024,Database,eastus,Azure,3.0813,211.1292,2.2493,3.1595,Engineering,0.0032878184
22-12-2024,VM,eastus,Azure,5.3984,42.7087,0.4471,2.0049,QA,0.0016121974
22-12-2024,Storage,westeurope,Azure,0.4325,917.2851,0.3287,2.8552,Data,0.0022497702
22-12-2024,Networking,westeurope,Azure,1.1067,7.9574,25.7708,5.1775,Engineering,0.026008054800000003
22-12-2024,Networking,eastus,AWS,1.3602,6.891,25.114,3.2656,DevOps,0.025399822000000002
23-12-2024,VM,eastus,Azure,14.3798,45.6699,4.376,2.8655,QA,0.0073432998000000005
23-12-2024,Storage,westeurope,AWS,0.4935,713.7892,1.8866,1.6134,DevOps,0.0034128784000000004
23-12-2024,Database,southeastasia,Azure,7.9038,235.1336,5.1613,2.3794,Data,0.0072123272
23-12-2024,VM,southeastasia,AWS,11.7072,38.6336,7.8855,2.8486,Engineering,0.0103042072
23-12-2024,Networking,eastus,Azure,1.7087,8.7793,31.6242,5.2696,Engineering,0.0319834986
24-12-2024,Database,southeastasia,Azure,5.4989,192.4986,3.0966,1.4463,DevOps,0.0045813772
24-12-2024,Database,westeurope,AWS,7.8758,198.413,4.0519,1.4463,Engineering,0.006023886
25-12-2024,VM,westeurope,AWS,8.4272,40.7384,4.5162,3.564,QA,0.0062831168
25-12-2024,Storage,westeurope,AWS,0.3975,840.3516,2.174,1.8359,Engineering,0.0039342032
25-12-2024,Networking,westeurope,AWS,2.197,12.479,23.2055,4.3003,Engineering,0.023669858000000002
25-12-2024,Storage,westeurope,Azure,0.4198,933.2813,2.1652,3.4864,Data,0.0041157226
26-12-2024,VM,southeastasia,AWS,14.7411,52.1889,9.2527,2.1531,Engineering,0.0123052978
26-12-2024,VM,westeurope,AWS,11.7681,36.7289,5.1708,2.0649,Data,0.0075978778
26-12-2024,Database,southeastasia,AWS,5.49,216.1526,3.144,1.4154,QA,0.0046743052
26-12-2024,Database,eastus,Azure,5.6475,171.7179,5.1305,2.1331,DevOps,0.0066034358
26-12-2024,Storage,southeastasia,AWS,0.4728,928.8828,2.3946,3.845,Engineering,0.0043469256
27-12-2024,VM,southeastasia,Azure,9.7599,46.9963,5.0031,3.0648,Engineering,0.0070490726
27-12-2024,Database,eastus,AWS,5.2603,200.3773,6.3011,2.8325,Data,0.0077539146
27-12-2024,Storage,eastus,AWS,0.5091,722.7924,2.1997,1.6123,Data,0.0037471048000000005
27-12-2024,Database,southeastasia,AWS,3.137,175.8692,5.3387,2.1523,Engineering,0.0063178384
28-12-2024,Storage,eastus,Azure,0.3108,683.0171,0.4301,3.4877,Engineering,0.0018582942
28-12-2024,Storage,eastus,AWS,0.3168,636.0388,1.0611,1.3555,DevOps,0.0023965376
28-12-2024,Storage,eastus,Azure,0.3756,748.4414,0.0329,2.324,QA,0.0016049028000000001
28-12-2024,Database,eastus,AWS,6.1072,215.7864,3.4871,2.5165,Engineering,0.0051401128
28-12-2024,VM,westeurope,AWS,8.0938,49.525,11.1225,3.7084,Data,0.01284031
28-12-2024,Storage,eastus,AWS,0.3537,1004.8186,0.4864,3.7762,QA,0.0025667772
29-12-2024,VM,eastus,AWS,7.8238,57.3946,7.5788,3.4512,QA,0.0092583492
29-12-2024,Storage,eastus,Azure,0.2624,963.1662,0.1395,2.9482,Data,0.0021183124
29-12-2024,VM,southeastasia,AWS,11.844,45.2867,4.2434,2.2109,Engineering,0.0067027734000000005
30-12-2024,VM,eastus,Azure,9.7389,47.9182,9.3096,3.7251,Engineering,0.0113532164
30-12-2024,VM,eastus,Azure,13.6224,53.687,7.7814,3.1075,DevOps,0.010613254
30-12-2024,Database,eastus,Azure,3.7836,163.9479,6.3243,2.4022,Data,0.0074089158000000006
